/home/z/my-project/parwa/backend/tests/wave5_e2e_test.py: Python script, Unicode text, UTF-8 text executable
 021042 005042 060527 062566 032440 042440 042462 052040
 071545 020164 100342 020224 067111 062564 066154 063551
 067145 062543 046040 074541 071145 020072 060502 061564
 064550 063556 020054 067503 063156 062151 067145 062543
 020054 062523 072156 066551 067145 005164 052012 071545
 071564 060440 066154 032440 053440 073141 020145 020065
 062544 064554 062566 060562 066142 071545 005072 020040
 040465 020072 067503 063156 062151 067145 062543 041055
 071541 062145 051040 072557 064564 063556 024040 067543
 063156 062151 067145 062543 062537 063556 067151 024545
 020012 032440 035102 051440 066545 067141 064564 020143
 060502 061564 064550 063556 024040 062563 060555 072156
 061551 061137 072141 064143 071145 005051 020040 041465
 020072 062523 072156 066551 067145 020164 067522 072165
 067151 020147 071450 067145 064564 062555 072156 071137
 072557 062564 024562 020012 032440 035104 040440 070160
 067562 060566 020154 060507 062564 020163 060450 070160
 067562 060566 057554 060547 062564 024563 020012 032440
 035105 053040 071141 060551 072156 051040 061545 066557
 062555 062156 072141 067551 020156 073050 071141 060551
 072156 071137 061545 066557 062555 062156 071145 005051
 040412 066154 072040 071545 071564 072440 062563 044440
 046556 066545 071157 020171 060542 065543 067145 020144
 100342 020224 067556 062440 072170 071145 060556 020154
 062563 073162 061551 071545 067040 062545 062544 027144
 051012 067165 020072 074560 064164 067157 026440 020155
 074560 062564 072163 061040 061541 062553 062156 072057
 071545 071564 073457 073141 032545 062537 062462 072137
 071545 027164 074560 026440 005166 021042 005042 064412
 070155 071157 020164 071541 067171 064543 005157 066551
 067560 072162 071440 071571 064412 070155 071157 020164
 071557 005012 020043 067105 072563 062562 070040 067562
 062552 072143 071040 067557 020164 071551 067440 020156
 060560 064164 071412 071571 070056 072141 027150 067151
 062563 072162 030050 020054 071557 070056 072141 027150
 067552 067151 067450 027163 060560 064164 062056 071151
 060556 062555 057450 063137 066151 057545 024537 020054
 027042 021056 024451 005012 066551 067560 072162 070040
 072171 071545 005164 063012 067562 020155 070141 027160
 067543 062562 065056 071141 064566 057563 064560 062560
 064554 062556 065056 071141 064566 057563 061144 064440
 070155 071157 020164 062562 062563 057564 061144 020054
 071565 057545 067151 066537 066545 071157 026171 063440
 072145 062137 005142 071146 066557 060440 070160 061456
 071157 027145 060552 073162 071551 070137 070151 066145
 067151 027145 067543 063156 062151 067145 062543 062537
 063556 067151 020145 066551 067560 072162 024040 020012
 020040 061440 066557 072560 062564 061537 067157 064546
 062544 061556 057545 061563 071157 026145 061440 060554
 071563 063151 057571 067562 072165 067151 026147 071440
 067543 062562 072137 061551 062553 057564 067543 063156
 062151 067145 062543 005054 020040 020040 060542 061564
 057550 061563 071157 057545 064564 065543 072145 026163
 040440 052103 047511 057516 052501 047524 020054 041501
 044524 047117 041137 052101 044103 020054 041501 044524
 047117 040537 045523 020054 041501 044524 047117 042537
 041523 046101 052101 026105 024412 063012 067562 020155
 070141 027160 067543 062562 065056 071141 064566 057563
 064560 062560 064554 062556 071456 066545 067141 064564
 057543 060542 061564 062550 020162 066551 067560 072162
 024040 020012 020040 061440 066557 072560 062564 071537
 066551 066151 071141 072151 026171 060440 062144 072137
 061551 062553 057564 067564 061137 072141 064143 020054
 066146 071565 057550 066141 057554 060542 061564 062550
 026163 020012 020040 063040 071157 060555 057564 060542
 061564 057550 062544 061563 064562 072160 067551 026156
 063440 072145 061137 072141 064143 071537 066565 060555
 074562 020054 064143 061545 057553 064163 072557 062154
 061137 072141 064143 005054 005051 071146 066557 060440
 070160 061456 071157 027145 060552 073162 071551 070137
 070151 066145 067151 027145 062563 072156 066551 067145
 057564 067562 072165 071145 064440 070155 071157 020164
 005050 020040 020040 067543 070155 072165 057545 062563
 072156 066551 067145 026164 071040 072557 062564 061137
 057571 062563 072156 066551 067145 026164 020012 020040
 051040 052517 042524 044137 046525 047101 020054 047522
 052125 057505 044501 043137 040514 043507 042105 020054
 047522 052125 057505 044501 040537 052125 026117 024412
 063012 067562 020155 070141 027160 067543 062562 065056
 071141 064566 057563 064560 062560 064554 062556 060456
 070160 067562 060566 057554 060547 062564 020163 066551
 067560 072162 024040 020012 020040 061440 062550 065543
 060537 070160 067562 060566 057554 062562 072561 071151
 062145 020054 062563 057564 072543 072163 066557 063537
 072141 071545 020054 067151 060566 064554 060544 062564
 063537 072141 057545 060543 064143 026145 020012 020040
 066040 060557 057544 070141 071160 073157 066141 063537
 072141 071545 005054 005051 071146 066557 060440 070160
 061456 071157 027145 060552 073162 071551 070137 070151
 066145 067151 027145 060566 064562 067141 057564 062562
 067543 066555 067145 062544 020162 066551 067560 072162
 024040 020012 020040 071040 061545 066557 062555 062156
 073137 071141 060551 072156 020054 062547 057564 060566
 064562 067141 057564 072163 072141 071565 005054 005051
 071146 066557 060440 070160 061456 071157 027145 060560
 073562 057541 064560 062560 064554 062556 070056 071141
 060567 061137 064562 063544 020145 066551 067560 072162
 024040 020012 020040 071440 067543 062562 061537 067157
 064546 062544 061556 026145 071040 072557 062564 061137
 057571 062563 072156 066551 067145 020164 071541 061040
 064562 063544 057545 062563 072156 066551 067145 026164
 020012 020040 061440 062550 065543 060537 070160 067562
 060566 057554 060547 062564 020054 062562 067543 066555
 067145 057544 060566 064562 067141 020164 071541 061040
 064562 063544 057545 062562 067543 066555 067145 057544
 060566 064562 067141 026164 024412 005012 052012 047105
 047101 020124 020075 073442 073141 032545 072137 071545
 057564 062564 060556 072156 005042 005012 070100 072171
 071545 027164 064546 072170 071165 024145 072541 067564
 071565 036545 071124 062565 005051 062544 020146 071137
 071545 072145 024450 005072 020040 020040 021042 051042
 071545 072145 042040 020102 067141 020144 060543 064143
 071545 061040 063145 071157 020145 060545 064143 072040
 071545 027164 021042 005042 020040 020040 062562 062563
 057564 061144 024450 020012 020040 072440 062563 064537
 057556 062555 067555 074562 024450 020012 020040 064440
 073156 066141 062151 072141 057545 060547 062564 061537
 061541 062550 052050 047105 047101 024524 020012 020040
 074440 062551 062154 020012 020040 071040 071545 072145
 062137 024142 005051 005012 062544 020146 071137 067165
 061450 071157 024557 005072 020040 020040 021042 051042
 067165 060440 020156 071541 067171 020143 067543 067562
 072165 067151 020145 074563 061556 071150 067157 072557
 066163 027171 021042 005042 020040 020040 062562 072564
 067162 060440 074563 061556 067551 063456 072145 062537
 062566 072156 066137 067557 024160 027051 072562 057556
 067165 064564 057554 067543 070155 062554 062564 061450
 071157 024557 005012 021412 161040 110225 112742 161220
 110225 112742 161220 110225 112742 161220 110225 112742
 161220 110225 112742 161220 110225 112742 161220 110225
 112742 161220 110225 112742 161220 110225 112742 161220
 110225 112742 161220 110225 112742 161220 110225 112742
 161220 110225 112742 161220 110225 112742 161220 110225
 112742 161220 110225 112742 161220 110225 112742 161220
 110225 112742 161220 110225 112742 161220 110225 112742
 161220 110225 112742 161220 110225 112742 161220 110225
 112742 161220 110225 112742 161220 110225 112742 161220
 110225 112742 161220 110225 112742 161220 110225 112742
 161220 110225 112742 161220 110225 112742 161220 110225
 112742 161220 110225 021412 032440 035101 041440 067157
 064546 062544 061556 026545 060502 062563 020144 067522
 072165 067151 005147 020043 112742 161220 110225 112742
 161220 110225 112742 161220 110225 112742 161220 110225
 112742 161220 110225 112742 161220 110225 112742 161220
 110225 112742 161220 110225 112742 161220 110225 112742
 161220 110225 112742 161220 110225 112742 161220 110225
 112742 161220 110225 112742 161220 110225 112742 161220
 110225 112742 161220 110225 112742 161220 110225 112742
 161220 110225 112742 161220 110225 112742 161220 110225
 112742 161220 110225 112742 161220 110225 112742 161220
 110225 112742 161220 110225 112742 161220 110225 112742
 161220 110225 112742 161220 110225 112742 161220 110225
 112742 161220 110225 112742 161220 110225 112742 161220
 110225 112742 005220 061412 060554 071563 052040 071545
 032564 057501 067503 063156 062151 067145 062543 067522
 072165 067151 035147 020012 020040 021040 021042 040465
 020072 073105 071145 020171 040520 053522 020101 062544
 064543 064563 067157 063440 072145 020163 020141 067543
 063156 062151 067145 062543 071440 067543 062562 161040
 111206 071040 072557 064564 063556 060440 072143 067551
 027156 021042 005042 020012 020040 062040 063145 072040
 071545 057564 060465 030537 064137 063551 057550 067543
 063156 062151 067145 062543 071137 072557 062564 057563
 067564 060537 072165 024157 062563 063154 035051 020012
 020040 020040 020040 021040 021042 032471 025445 061440
 067157 064546 062544 061556 020145 103342 020222 052501
 047524 024040 067554 020147 067157 074554 020054 067556
 067040 072157 063151 061551 072141 067551 024556 021056
 021042 020012 020040 020040 020040 061440 067157 064546
 062544 061556 026145 063040 061541 067564 071562 036440
 061440 066557 072560 062564 061537 067157 064546 062544
 061556 057545 061563 071157 024145 020012 020040 020040
 020040 020040 020040 070040 072141 062564 067162 066537
 072141 064143 030075 034456 026070 070040 066157 061551
 057571 066141 063551 066556 067145 036564 027060 032471
 005054 020040 020040 020040 020040 020040 020040 064562
 065563 071537 067543 062562 030075 030056 020054 064550
 072163 071157 061551 066141 060537 061543 071165 061541
 036571 027060 033071 005054 020040 020040 020040 020040
 005051 020040 020040 020040 020040 071541 062563 072162
 061440 067157 064546 062544 061556 020145 036476 030040
 034456 005065 020040 020040 020040 020040 071541 062563
 072162 061440 060554 071563 063151 057571 067562 072165
 067151 024147 067543 063156 062151 067145 062543 020051
 036475 040440 052103 047511 057516 052501 047524 005012
 020040 020040 062544 020146 062564 072163 032537 057541
 057462 067547 062157 061537 067157 064546 062544 061556
 057545 067562 072165 071545 072137 057557 060542 061564
 024150 062563 063154 035051 020012 020040 020040 020040
 021040 021042 032470 034455 022465 061440 067157 064546
 062544 061556 020145 103342 020222 040502 041524 020110
 063450 067562 070165 071440 066551 066151 071141 020054
 067157 026545 066143 061551 020153 070141 071160 073157
 024545 021056 021042 020012 020040 020040 020040 061440
 067157 064546 062544 061556 026145 057440 036440 061440
 066557 072560 062564 061537 067157 064546 062544 061556
 057545 061563 071157 024145 020012 020040 020040 020040
 020040 020040 070040 072141 062564 067162 066537 072141
 064143 030075 034456 026060 070040 066157 061551 057571
 066141 063551 066556 067145 036564 027060 034070 005054
 020040 020040 020040 020040 020040 020040 064562 065563
 071537 067543 062562 030075 030456 020054 064550 072163
 071157 061551 066141 060537 061543 071165 061541 036571
 027060 032470 005054 020040 020040 020040 020040 005051
 020040 020040 020040 020040 071541 062563 072162 030040
 034056 020065 036474 061440 067157 064546 062544 061556
 020145 020074 027060 032471 020012 020040 020040 020040
 060440 071563 071145 020164 066143 071541 064563 074546
 071137 072557 064564 063556 061450 067157 064546 062544
 061556 024545 036440 020075 041501 044524 047117 041137
 052101 044103 005012 020040 020040 062544 020146 062564
 072163 032537 057541 057463 067555 062544 060562 062564
 061537 067157 064546 062544 061556 057545 067562 072165
 071545 072137 057557 071541 024153 062563 063154 035051
 020012 020040 020040 020040 021040 021042 030067 034055
 022464 061440 067157 064546 062544 061556 020145 103342
 020222 051501 020113 064450 062156 073151 062151 060565
 020154 062562 064566 073545 027051 021042 005042 020040
 020040 020040 020040 067543 063156 062151 067145 062543
 020054 020137 020075 067543 070155 072165 057545 067543
 063156 062151 067145 062543 071537 067543 062562 005050
 020040 020040 020040 020040 020040 020040 060560 072164
 071145 057556 060555 061564 036550 027060 032467 020054
 067560 064554 074543 060537 064554 067147 062555 072156
 030075 033456 026060 020012 020040 020040 020040 020040
 020040 071040 071551 057553 061563 071157 036545 027060
 026062 064040 071551 067564 064562 060543 057554 061541
 072543 060562 074543 030075 033456 026062 020012 020040
 020040 020040 024440 020012 020040 020040 020040 060440
 071563 071145 020164 027060 030067 036040 020075 067543
 063156 062151 067145 062543 036040 030040 034056 005065
 020040 020040 020040 020040 071541 062563 072162 061440
 060554 071563 063151 057571 067562 072165 067151 024147
 067543 063156 062151 067145 062543 020051 036475 040440
 052103 047511 057516 051501 005113 020012 020040 062040
 063145 072040 071545 057564 060465 032137 066137 073557
 061537 067157 064546 062544 061556 057545 067562 072165
 071545 072137 057557 071545 060543 060554 062564 071450
 066145 024546 005072 020040 020040 020040 020040 021042
 036042 030067 020045 067543 063156 062151 067145 062543
 161040 111206 042440 041523 046101 052101 020105 064050
 066565 067141 065040 062165 066547 067145 020164 062562
 072561 071151 062145 027051 021042 005042 020040 020040
 020040 020040 067543 063156 062151 067145 062543 020054
 020137 020075 067543 070155 072165 057545 067543 063156
 062151 067145 062543 071537 067543 062562 005050 020040
 020040 020040 020040 020040 020040 060560 072164 071145
 057556 060555 061564 036550 027060 030065 020054 067560
 064554 074543 060537 064554 067147 062555 072156 030075
 032056 026060 020012 020040 020040 020040 020040 020040
 071040 071551 057553 061563 071157 036545 027060 026066
 064040 071551 067564 064562 060543 057554 061541 072543
 060562 074543 030075 032456 026065 020012 020040 020040
 020040 024440 020012 020040 020040 020040 060440 071563
 071145 020164 067543 063156 062151 067145 062543 036040
 030040 033456 005060 020040 020040 020040 020040 071541
 062563 072162 061440 060554 071563 063151 057571 067562
 072165 067151 024147 067543 063156 062151 067145 062543
 020051 036475 040440 052103 047511 057516 051505 040503
 040514 042524 005012 020040 020040 062544 020146 062564
 072163 032537 057541 057465 067543 063156 062151 067145
 062543 063137 061541 067564 071562 073537 064545 064147
 062564 057544 067543 071162 061545 066164 024171 062563
 063154 035051 020012 020040 020040 020040 021040 021042
 060520 072164 071145 020156 060555 061564 020150 031450
 022460 020051 020053 067520 064554 074543 024040 032462
 024445 025440 051040 071551 020153 031050 022465 020051
 020053 064510 072163 071157 020171 031050 022460 027051
 021042 005042 020040 020040 020040 020040 020043 066101
 020154 027061 020060 103342 020222 027061 005060 020040
 020040 020040 020040 026143 063040 036440 061440 066557
 072560 062564 061537 067157 064546 062544 061556 057545
 061563 071157 024145 027061 026060 030440 030056 020054
 027060 026060 030440 030056 005051 020040 020040 020040
 020040 071541 062563 072162 061440 036440 020075 027061
 005060 020012 020040 020040 020040 021440 050040 072141
 062564 067162 030075 020054 062562 072163 030475 030056
 161040 111206 071440 067550 066165 020144 062542 030040
 033456 020060 030450 026440 030040 031456 024460 020012
 020040 020040 020040 061440 020054 020146 020075 067543
 070155 072165 057545 067543 063156 062151 067145 062543
 071537 067543 062562 030050 030056 020054 027061 026060
 030040 030056 020054 027061 024460 020012 020040 020040
 020040 060440 071563 071145 020164 061141 024163 020143
 020055 027060 030067 020051 020074 027060 030460 005012
 020040 020040 020040 020040 020043 066101 020154 020060
 103342 020222 027060 005060 020040 020040 020040 020040
 026143 057440 036440 061440 066557 072560 062564 061537
 067157 064546 062544 061556 057545 061563 071157 024145
 027060 026060 030040 030056 020054 027061 026060 030040
 030056 005051 020040 020040 020040 020040 071541 062563
 072162 061440 036440 020075 027060 005060 020012 020040
 062040 063145 072040 071545 057564 060465 033137 071137
 071551 057553 067151 062566 072162 057563 067543 063156
 062151 067145 062543 071450 066145 024546 005072 020040
 020040 020040 020040 021042 044042 063551 020150 064562
 065563 071440 067550 066165 020144 067554 062567 020162
 067543 063156 062151 067145 062543 021056 021042 020012
 020040 020040 020040 061440 071537 063141 026145 057440
 036440 061440 066557 072560 062564 061537 067157 064546
 062544 061556 057545 061563 071157 024145 027060 026071
 030040 034456 020054 027060 026060 030040 034456 005051
 020040 020040 020040 020040 057543 064562 065563 026171
 057440 036440 061440 066557 072560 062564 061537 067157
 064546 062544 061556 057545 061563 071157 024145 027060
 026071 030040 034456 020054 027061 026060 030040 034456
 005051 020040 020040 020040 020040 071541 062563 072162
 061440 071537 063141 020145 020076 057543 064562 065563
 005171 020012 020040 062040 063145 072040 071545 057564
 060465 033537 071537 067543 062562 072137 061551 062553
 057564 067543 063156 062151 067145 062543 072537 062563
 057563 061144 071450 066145 024546 005072 020040 020040
 020040 020040 021042 071442 067543 062562 072137 061551
 062553 057564 067543 063156 062151 067145 062543 071040
 060545 071544 063040 067562 020155 060552 073162 071551
 062137 020142 067141 020144 062560 071562 071551 071564
 071040 071545 066165 020164 064566 020141 071142 062151
 062547 021056 021042 020012 020040 020040 020040 062040
 020142 020075 062547 057564 061144 024450 005012 020040
 020040 020040 020040 020043 062523 062145 071440 066557
 020145 072561 066141 072151 020171 060544 060564 020012
 020040 020040 020040 057440 072562 024156 061144 073456
 064562 062564 070537 060565 064554 074564 071537 067543
 062562 052050 047105 047101 026124 021040 045524 026524
 042523 042105 030455 026042 020012 020040 020040 020040
 020040 020040 020040 020040 020040 020040 020040 020040
 020040 020040 020040 020040 020040 020040 020040 067440
 062566 060562 066154 071537 067543 062562 030075 034456
 026065 071040 071545 066157 072165 067551 057556 060560
 064164 021075 064563 070155 062554 024442 005051 020040
 020040 020040 020040 071137 067165 062050 027142 062562
 067543 062162 072137 060562 067151 067151 057547 060544
 060564 052050 047105 047101 026124 021040 045524 026524
 042523 042105 030455 026042 021040 070141 071160 073157
 062145 026042 020012 020040 020040 020040 020040 020040
 020040 020040 020040 020040 020040 020040 020040 020040
 020040 020040 020040 020040 020040 072040 061551 062553
 057564 074564 062560 021075 062562 072546 062156 071137
 070545 062565 072163 026042 070440 060565 064554 074564
 071537 067543 062562 030075 034456 024465 005051 020012
 020040 020040 020040 021440 051440 067543 062562 073040
 060551 061040 064562 063544 020145 073450 064550 064143
 070040 071145 064563 072163 024563 020012 020040 020040
 020040 071040 071545 066165 020164 020075 071137 067165
 071450 067543 062562 061537 067157 064546 062544 061556
 024145 020012 020040 020040 020040 020040 020040 072040
 067145 067141 057564 062151 052075 047105 047101 026124
 072040 061551 062553 057564 062151 021075 045524 026524
 032503 030455 026042 020012 020040 020040 020040 020040
 020040 072040 061551 062553 057564 074564 062560 021075
 062562 072546 062156 071137 070545 062565 072163 026042
 070440 062565 074562 021075 020111 060567 072156 060440
 071040 063145 067165 021144 005054 020040 020040 020040
 020040 020040 020040 062562 072561 071151 062145 060537
 072143 067551 036556 071042 063145 067165 021144 020054
 071551 073137 070151 043075 066141 062563 005054 020040
 020040 020040 020040 024451 005012 020040 020040 020040
 020040 071541 062563 072162 071040 071545 066165 020164
 071551 067040 072157 047040 067157 005145 020040 020040
 020040 020040 071541 062563 072162 030040 030056 036040
 020075 062562 072563 072154 021133 067543 063156 062151
 067145 062543 056442 036040 020075 027061 005060 020040
 020040 020040 020040 071541 062563 072162 071040 071545
 066165 055564 071042 072557 064564 063556 056442 064440
 020156 040450 052103 047511 057516 052501 047524 020054
 041501 044524 047117 041137 052101 044103 020054 041501
 044524 047117 040537 045523 020054 041501 044524 047117
 042537 041523 046101 052101 024505 020012 020040 020040
 020040 060440 071563 071145 020164 062562 072563 072154
 021133 064564 065543 072145 064537 021144 020135 036475
 021040 045524 026524 032503 030455 005042 020040 020040
 020040 020040 071541 062563 072162 021040 060546 072143
 071157 021163 064440 020156 062562 072563 072154 020012
 020040 020040 020040 060440 071563 071145 020164 071042
 060545 067563 021156 064440 020156 062562 072563 072154
 005012 020040 020040 020040 020040 020043 062526 064562
 074546 070040 071145 064563 072163 062145 064440 020156
 041104 020012 020040 020040 020040 066040 063557 020163
 020075 061144 057456 067543 063156 062151 067145 062543
 066137 063557 005163 020040 020040 020040 020040 071541
 062563 072162 060440 074556 066050 021133 064564 065543
 072145 064537 021144 020135 036475 021040 045524 026524
 032503 030455 020042 067546 020162 020154 067151 066040
 063557 024563 005012 020040 020040 062544 020146 062564
 072163 032537 057541 057470 064566 057560 067554 062567
 071562 061537 067157 064546 062544 061556 024145 062563
 063154 035051 020012 020040 020040 020040 021040 021042
 044526 020120 066146 063541 071440 067550 066165 020144
 062562 072544 062543 061440 067157 064546 062544 061556
 020145 064566 020141 064562 065563 063040 061541 067564
 027162 021042 005042 020040 020040 020040 020040 062562
 072563 072154 036440 057440 072562 024156 061563 071157
 057545 064564 065543 072145 061537 067157 064546 062544
 061556 024145 020012 020040 020040 020040 020040 020040
 072040 067145 067141 057564 062151 052075 047105 047101
 026124 072040 061551 062553 057564 062151 021075 045524
 026524 044526 026520 021061 005054 020040 020040 020040
 020040 020040 020040 064564 065543 072145 072137 070171
 036545 064442 063156 021157 020054 072561 071145 036571
 053442 060550 020164 071141 020145 074555 067440 062162
 071145 037563 026042 020012 020040 020040 020040 020040
 020040 064440 057563 064566 036560 071124 062565 020054
 060566 072554 057545 071565 036544 030065 026060 020012
 020040 020040 020040 024440 005051 020040 020040 020040
 020040 020043 044526 020120 020053 064550 064147 073040
 066141 062565 161040 111206 062440 062554 060566 062564
 020144 064562 065563 161040 111206 066040 073557 071145
 061440 067157 064546 062544 061556 005145 020040 020040
 020040 020040 071541 062563 072162 071040 071545 066165
 055564 071042 071551 057553 062554 062566 021154 020135
 020076 005060 020040 020040 020040 020040 071541 062563
 072162 021040 060546 072143 071157 021163 064440 020156
 062562 072563 072154 005012 020040 020040 062544 020146
 062564 072163 032537 057541 057471 060542 061564 057550
 061563 071157 057545 072555 072154 070151 062554 072137
 061551 062553 071564 071450 066145 024546 005072 020040
 020040 020040 020040 021042 061042 072141 064143 071537
 067543 062562 072137 061551 062553 071564 071440 067543
 062562 020163 072555 072154 070151 062554 060440 062156
 071440 071157 071564 061040 020171 067543 063156 062151
 067145 062543 021056 021042 020012 020040 020040 020040
 072040 061551 062553 071564 036440 055440 020012 020040
 020040 020040 020040 020040 075440 072042 061551 062553
 057564 062151 035042 021040 030524 026042 021040 064564
 065543 072145 072137 070171 021145 020072 071042 063145
 067165 021144 020054 071042 070545 064565 062562 057544
 061541 064564 067157 035042 021040 062562 072546 062156
 026042 021040 060566 072554 057545 071565 021144 020072
 030062 076460 005054 020040 020040 020040 020040 020040
 020040 021173 064564 065543 072145 064537 021144 020072
 052042 021062 020054 072042 061551 062553 057564 074564
 062560 035042 021040 067151 067546 026042 021040 072561
 071145 021171 020072 053442 060550 020164 071141 020145
 067550 071165 037563 076442 005054 020040 020040 020040
 020040 020040 020040 021173 064564 065543 072145 064537
 021144 020072 052042 021063 020054 072042 061551 062553
 057564 074564 062560 035042 021040 062562 072564 067162
 026042 021040 062562 072561 071151 062145 060537 072143
 067551 021156 020072 071042 072145 071165 021156 020054
 073042 066141 062565 072537 062163 035042 032440 076460
 005054 020040 020040 020040 020040 005135 020040 020040
 020040 020040 062562 072563 072154 020163 020075 071137
 067165 061050 072141 064143 071537 067543 062562 072137
 061551 062553 071564 052050 047105 047101 026124 072040
 061551 062553 071564 024451 020012 020040 020040 020040
 060440 071563 071145 020164 062554 024156 062562 072563
 072154 024563 036440 020075 005063 020040 020040 020040
 020040 020043 067523 072162 062145 060440 061563 067145
 064544 063556 061040 020171 067543 063156 062151 067145
 062543 024040 067555 072163 067040 062545 064544 063556
 060440 072164 067145 064564 067157 063040 071151 072163
 005051 020040 020040 020040 020040 071541 062563 072162
 071040 071545 066165 071564 030133 055535 061442 067157
 064546 062544 061556 021145 020135 036474 071040 071545
 066165 071564 030533 055535 061442 067157 064546 062544
 061556 021145 005135 020040 020040 020040 020040 071541
 062563 072162 071040 071545 066165 071564 030533 055535
 061442 067157 064546 062544 061556 021145 020135 036474
 071040 071545 066165 071564 031133 055535 061442 067157
 064546 062544 061556 021145 005135 020012 020040 062040
 063145 072040 071545 057564 060465 030537 057460 071142
 062151 062547 071537 067543 062562 061537 067157 064546
 062544 061556 057545 064567 062562 024144 062563 063154
 035051 020012 020040 020040 020040 021040 021042 060560
 073562 057541 071142 062151 062547 071456 067543 062562
 061537 067157 064546 062544 061556 020145 062560 071562
 071551 071564 072040 020157 041104 021056 021042 020012
 020040 020040 020040 071040 071545 066165 020164 020075
 071137 067165 071450 067543 062562 061537 067157 064546
 062544 061556 024145 020012 020040 020040 020040 020040
 020040 072040 067145 067141 057564 062151 052075 047105
 047101 026124 072040 061551 062553 057564 062151 021075
 045524 026524 051102 042111 042507 030455 026042 020012
 020040 020040 020040 020040 020040 072040 061551 062553
 057564 074564 062560 021075 067151 067546 026042 070440
 062565 074562 021075 062510 066154 021157 005054 020040
 020040 020040 020040 024451 020012 020040 020040 020040
 060440 071563 071145 020164 062562 072563 072154 064440
 020163 067556 020164 067516 062556 020012 020040 020040
 020040 060440 071563 071145 020164 062562 072563 072154
 021133 067543 063156 062151 067145 062543 056442 064440
 020163 067556 020164 067516 062556 020012 020040 020040
 020040 060440 071563 071145 020164 062562 072563 072154
 021133 064564 065543 072145 064537 021144 020135 036475
 021040 045524 026524 051102 042111 042507 030455 005042
 020012 020040 020040 020040 021440 053040 071145 063151
 020171 067151 042040 005102 020040 020040 020040 020040
 061144 036440 063440 072145 062137 024142 005051 020040
 020040 020040 020040 067554 071547 036440 062040 027142
 061537 067157 064546 062544 061556 057545 067554 071547
 020012 020040 020040 020040 060440 071563 071145 020164
 067141 024171 055554 072042 061551 062553 057564 062151
 056442 036440 020075 052042 052113 041055 044522 043504
 026505 021061 063040 071157 066040 064440 020156 067554
 071547 005051 005012 020043 112742 161220 110225 112742
 161220 110225 112742 161220 110225 112742 161220 110225
 112742 161220 110225 112742 161220 110225 112742 161220
 110225 112742 161220 110225 112742 161220 110225 112742
 161220 110225 112742 161220 110225 112742 161220 110225
 112742 161220 110225 112742 161220 110225 112742 161220
 110225 112742 161220 110225 112742 161220 110225 112742
 161220 110225 112742 161220 110225 112742 161220 110225
 112742 161220 110225 112742 161220 110225 112742 161220
 110225 112742 161220 110225 112742 161220 110225 112742
 161220 110225 112742 161220 110225 112742 161220 110225
 112742 161220 110225 112742 161220 110225 112742 161220
 110225 112742 005220 020043 041065 020072 062523 060555
 072156 061551 041040 072141 064143 067151 005147 020043
 112742 161220 110225 112742 161220 110225 112742 161220
 110225 112742 161220 110225 112742 161220 110225 112742
 161220 110225 112742 161220 110225 112742 161220 110225
 112742 161220 110225 112742 161220 110225 112742 161220
 110225 112742 161220 110225 112742 161220 110225 112742
 161220 110225 112742 161220 110225 112742 161220 110225
 112742 161220 110225 112742 161220 110225 112742 161220
 110225 112742 161220 110225 112742 161220 110225 112742
 161220 110225 112742 161220 110225 112742 161220 110225
 112742 161220 110225 112742 161220 110225 112742 161220
 110225 112742 161220 110225 112742 161220 110225 112742
 161220 110225 112742 161220 110225 112742 005220 061412
 060554 071563 052040 071545 032564 057502 062523 060555
 072156 061551 060502 061564 064550 063556 005072 020040
 020040 021042 032442 035102 051040 070145 060554 062543
 072040 066551 026545 060542 062563 020144 060542 061564
 064550 063556 073440 072151 020150 062563 060555 072156
 061551 061440 072554 072163 071145 067151 027147 021042
 005042 020012 020040 062040 063145 072040 071545 057564
 061065 030537 071537 066551 066151 071141 072137 061551
 062553 071564 061537 072554 072163 071145 071450 066145
 024546 005072 020040 020040 020040 020040 021042 052042
 067567 072040 061551 062553 071564 060440 067542 072165
 072040 062550 071440 066541 020145 067564 064560 020143
 064163 072557 062154 064040 073141 020145 064550 064147
 071440 066551 066151 071141 072151 027171 021042 005042
 020040 020040 020040 020040 064563 020155 020075 067543
 070155 072165 057545 064563 064555 060554 064562 074564
 005050 020040 020040 020040 020040 020040 020040 044442
 073440 067141 020164 067564 061440 060550 063556 020145
 074555 060440 062144 062562 071563 072040 020157 031061
 020063 060515 067151 051440 021164 005054 020040 020040
 020040 020040 020040 020040 050042 062554 071541 020145
 070165 060544 062564 066440 020171 064163 070151 064560
 063556 060440 062144 062562 071563 072040 020157 031061
 020063 060515 067151 051440 071164 062545 021164 005054
 020040 020040 020040 020040 005051 020040 020040 020040
 020040 071541 062563 072162 071440 066551 037040 030040
 031456 020054 021146 074105 062560 072143 062145 037040
 030040 031456 071440 066551 066151 071141 072151 026171
 063440 072157 075440 064563 076555 005042 020012 020040
 062040 063145 072040 071545 057564 061065 031137 062137
 071551 064563 064555 060554 057562 064564 065543 072145
 057563 067544 072156 061537 072554 072163 071145 071450
 066145 024546 005072 020040 020040 020040 020040 021042
 052442 071156 066145 072141 062145 072040 061551 062553
 071564 071440 067550 066165 020144 060550 062566 066040
 073557 071440 066551 066151 071141 072151 027171 021042
 005042 020040 020040 020040 020040 064563 020155 020075
 067543 070155 072165 057545 064563 064555 060554 064562
 074564 005050 020040 020040 020040 020040 020040 020040
 044442 073440 067141 020164 020141 062562 072546 062156
 063040 071157 067440 062162 071145 030440 031462 026042
 020012 020040 020040 020040 020040 020040 021040 064127
 072141 064440 020163 067571 071165 071040 072145 071165
 020156 067560 064554 074543 021077 005054 020040 020040
 020040 020040 005051 020040 020040 020040 020040 071541
 062563 072162 071440 066551 036040 030040 032456 020054
 021146 074105 062560 072143 062145 036040 030040 032456
 071440 066551 066151 071141 072151 026171 063440 072157
 075440 064563 076555 005042 020012 020040 062040 063145
 072040 071545 057564 061065 031537 064537 062544 072156
 061551 066141 072137 061551 062553 071564 066537 074141
 071537 066551 066151 071141 072151 024171 062563 063154
 035051 020012 020040 020040 020040 021040 021042 060523
 062555 072040 074145 020164 020075 027061 020060 064563
 064555 060554 064562 074564 021056 021042 020012 020040
 020040 020040 071440 066551 036440 061440 066557 072560
 062564 071537 066551 066151 071141 072151 024171 020012
 020040 020040 020040 020040 020040 021040 020111 060567
 072156 072040 020157 064143 067141 062547 066440 020171
 062141 071144 071545 021163 005054 020040 020040 020040
 020040 020040 020040 044442 073440 067141 020164 067564
 061440 060550 063556 020145 074555 060440 062144 062562
 071563 026042 020012 020040 020040 020040 024440 020012
 020040 020040 020040 060440 071563 071145 020164 064563
 020155 036475 030440 030056 005012 020040 020040 062544
 020146 062564 072163 032537 057542 057464 066545 072160
 057571 062564 072170 075137 071145 057557 064563 064555
 060554 064562 074564 071450 066145 024546 005072 020040
 020040 020040 020040 021042 042442 070155 074564 072040
 074145 020164 020075 027060 020060 064563 064555 060554
 064562 074564 021056 021042 020012 020040 020040 020040
 071440 066551 036440 061440 066557 072560 062564 071537
 066551 066151 071141 072151 024171 021042 020054 071442
 066557 072145 064550 063556 024442 020012 020040 020040
 020040 060440 071563 071145 020164 064563 020155 036475
 030040 030056 005012 020040 020040 062544 020146 062564
 072163 032537 057542 057465 062141 057544 067564 061137
 072141 064143 071137 072145 071165 071556 067137 067157
 057545 064567 064164 067151 073537 067151 067544 024167
 062563 063154 035051 020012 020040 020040 020040 021040
 021042 062101 064544 063556 072040 020157 060542 061564
 020150 064567 064164 067151 073440 067151 067544 020167
 062562 072564 067162 020163 067516 062556 024040 067556
 020164 062571 020164 066146 071565 062550 024544 021056
 021042 020012 020040 020040 020040 071040 071545 066165
 020164 020075 071137 067165 060450 062144 072137 061551
 062553 057564 067564 061137 072141 064143 005050 020040
 020040 020040 020040 020040 020040 062564 060556 072156
 064537 036544 042524 040516 052116 020054 064564 065543
 072145 064537 036544 052042 052113 041055 021061 005054
 020040 020040 020040 020040 020040 020040 072561 071145
 036571 041442 060550 063556 020145 074555 060440 062144
 062562 071563 026042 061440 067157 064546 062544 061556
 036545 027060 030071 005054 020040 020040 020040 020040
 024451 020012 020040 020040 020040 060440 071563 071145
 020164 062562 072563 072154 064440 020163 067516 062556
 020040 020043 072123 066151 020154 061541 072543 072555
 060554 064564 063556 005012 020040 020040 062544 020146
 062564 072163 032537 057542 057466 066146 071565 057550
 062562 072564 067162 057563 060542 061564 062550 024163
 062563 063154 035051 020012 020040 020040 020040 021040
 021042 067506 061562 026545 066146 071565 020150 062562
 072564 067162 020163 061541 072543 072555 060554 062564
 020144 060542 061564 062550 027163 021042 005042 020040
 020040 020040 020040 071137 067165 060450 062144 072137
 061551 062553 057564 067564 061137 072141 064143 005050
 020040 020040 020040 020040 020040 020040 062564 060556
 072156 064537 036544 042524 040516 052116 020054 064564
 065543 072145 064537 036544 052042 052113 041055 021062
 005054 020040 020040 020040 020040 020040 020040 072561
 071145 036571 052442 062160 072141 020145 074555 071440
 064550 070160 067151 020147 062141 071144 071545 021163
 020054 067543 063156 062151 067145 062543 030075 034456
 026062 020012 020040 020040 020040 024440 005051 020012
 020040 020040 020040 061040 072141 064143 071545 036440
 057440 072562 024156 066146 071565 057550 066141 057554
 060542 061564 062550 024163 042524 040516 052116 024451
 020012 020040 020040 020040 060440 071563 071145 020164
 062554 024156 060542 061564 062550 024563 037040 020075
 005061 020040 020040 020040 020040 071541 062563 072162
 021040 064564 065543 072145 064537 071544 020042 067151
 061040 072141 064143 071545 030133 005135 020040 020040
 020040 020040 071541 062563 072162 021040 067543 063156
 062151 067145 062543 066537 067151 020042 067151 061040
 072141 064143 071545 030133 005135 020040 020040 020040
 020040 071541 062563 072162 021040 067543 063156 062151
 067145 062543 066537 074141 020042 067151 061040 072141
 064143 071545 030133 005135 020012 020040 062040 063145
 072040 071545 057564 061065 033537 061137 072141 064143
 062137 071545 071143 070151 064564 067157 063137 071157
 060555 072164 062145 071450 066145 024546 005072 020040
 020040 020040 020040 021042 063042 071157 060555 057564
 060542 061564 057550 062544 061563 064562 072160 067551
 020156 071160 062157 061565 071545 071040 060545 060544
 066142 020145 072557 070164 072165 021056 021042 020012
 020040 020040 020040 061040 072141 064143 036440 075440
 020012 020040 020040 020040 020040 020040 021040 064564
 065543 072145 064537 071544 035042 055440 052042 052113
 030455 026042 021040 045524 026524 021062 020054 052042
 052113 031455 056442 005054 020040 020040 020040 020040
 020040 020040 061442 067157 064546 062544 061556 057545
 064555 021156 020072 027060 030071 005054 020040 020040
 020040 020040 020040 020040 061442 067157 064546 062544
 061556 057545 060555 021170 020072 027060 032471 005054
 020040 020040 020040 020040 020040 020040 071042 071551
 057553 062554 062566 021154 020072 027060 026061 020012
 020040 020040 020040 076440 020012 020040 020040 020040
 062040 071545 020143 020075 067546 066562 072141 061137
 072141 064143 062137 071545 071143 070151 064564 067157
 061050 072141 064143 005051 020040 020040 020040 020040
 071541 062563 072162 021040 020063 064564 065543 072145
 021163 064440 020156 062544 061563 020012 020040 020040
 020040 060440 071563 071145 020164 041442 067157 064546
 062544 061556 021145 064440 020156 062544 061563 020012
 020040 020040 020040 060440 071563 071145 020164 051042
 071551 021153 064440 020156 062544 061563 005012 020040
 020040 062544 020146 062564 072163 032537 057542 057470
 060542 061564 057550 072563 066555 071141 024171 062563
 063154 035051 020012 020040 020040 020040 021040 021042
 062547 057564 060542 061564 057550 072563 066555 071141
 020171 062562 072564 067162 020163 063541 071147 063545
 072141 062145 061040 072141 064143 064440 063156 027157
 021042 005042 020040 020040 020040 020040 071137 067165
 060450 062144 072137 061551 062553 057564 067564 061137
 072141 064143 005050 020040 020040 020040 020040 020040
 020040 062564 060556 072156 064537 036544 042524 040516
 052116 020054 064564 065543 072145 064537 036544 052042
 052113 051455 021061 005054 020040 020040 020040 020040
 020040 020040 072561 071145 036571 040442 062144 062562
 071563 061440 060550 063556 020145 062562 072561 071545
 021164 020054 067543 063156 062151 067145 062543 030075
 034456 026061 020012 020040 020040 020040 024440 005051
 020040 020040 020040 020040 071137 067165 060450 062144
 072137 061551 062553 057564 067564 061137 072141 064143
 005050 020040 020040 020040 020040 020040 020040 062564
 060556 072156 064537 036544 042524 040516 052116 020054
 064564 065543 072145 064537 036544 052042 052113 051455
 021062 005054 020040 020040 020040 020040 020040 020040
 072561 071145 036571 040442 062144 062562 071563 061440
 060550 063556 020145 062562 072561 071545 021164 020054
 067543 063156 062151 067145 062543 030075 034456 026063
 020012 020040 020040 020040 024440 005051 020012 020040
 020040 020040 071440 066565 060555 074562 036440 057440
 072562 024156 062547 057564 060542 061564 057550 072563
 066555 071141 024171 042524 040516 052116 024451 020012
 020040 020040 020040 060440 071563 071145 020164 072563
 066555 071141 055571 070042 067145 064544 063556 061537
 072557 072156 056442 037040 020075 005061 020040 020040
 020040 020040 071541 062563 072162 071440 066565 060555
 074562 021133 067564 060564 057554 064564 065543 072145
 057563 067151 061137 072141 064143 071545 056442 037040
 020075 005062 020012 020040 062040 063145 072040 071545
 057564 061065 034537 071537 067550 066165 057544 060542
 061564 057550 067157 074554 063137 071157 061137 072141
 064143 071137 072557 064564 063556 071450 066145 024546
 005072 020040 020040 020040 020040 021042 061442 062550
 065543 071537 067550 066165 057544 060542 061564 020150
 062562 072564 067162 020163 071124 062565 067440 066156
 020171 067546 020162 061047 072141 064143 020047 067562
 072165 067151 027147 021042 005042 020040 020040 020040
 020040 071541 062563 072162 057440 072562 024156 064143
 061545 057553 064163 072557 062154 061137 072141 064143
 030050 034456 026060 021040 060542 061564 021150 024451
 064440 020163 071124 062565 020012 020040 020040 020040
 060440 071563 071145 020164 071137 067165 061450 062550
 065543 071537 067550 066165 057544 060542 061564 024150
 027060 033071 020054 060442 072165 021157 024451 064440
 020163 060506 071554 005145 020040 020040 020040 020040
 071541 062563 072162 057440 072562 024156 064143 061545
 057553 064163 072557 062154 061137 072141 064143 030050
 033056 026060 021040 071545 060543 060554 062564 024442
 020051 071551 043040 066141 062563 020012 020040 020040
 020040 060440 071563 071145 020164 071137 067165 061450
 062550 065543 071537 067550 066165 057544 060542 061564
 024150 027060 032467 020054 060442 065563 024442 020051
 071551 043040 066141 062563 005012 021412 161040 110225
 112742 161220 110225 112742 161220 110225 112742 161220
 110225 112742 161220 110225 112742 161220 110225 112742
 161220 110225 112742 161220 110225 112742 161220 110225
 112742 161220 110225 112742 161220 110225 112742 161220
 110225 112742 161220 110225 112742 161220 110225 112742
 161220 110225 112742 161220 110225 112742 161220 110225
 112742 161220 110225 112742 161220 110225 112742 161220
 110225 112742 161220 110225 112742 161220 110225 112742
 161220 110225 112742 161220 110225 112742 161220 110225
 112742 161220 110225 112742 161220 110225 112742 161220
 110225 112742 161220 110225 112742 161220 110225 112742
 161220 110225 112742 161220 110225 021412 032440 035103
 051440 067145 064564 062555 072156 051040 072557 064564
 063556 021412 161040 110225 112742 161220 110225 112742
 161220 110225 112742 161220 110225 112742 161220 110225
 112742 161220 110225 112742 161220 110225 112742 161220
 110225 112742 161220 110225 112742 161220 110225 112742
 161220 110225 112742 161220 110225 112742 161220 110225
 112742 161220 110225 112742 161220 110225 112742 161220
 110225 112742 161220 110225 112742 161220 110225 112742
 161220 110225 112742 161220 110225 112742 161220 110225
 112742 161220 110225 112742 161220 110225 112742 161220
 110225 112742 161220 110225 112742 161220 110225 112742
 161220 110225 112742 161220 110225 112742 161220 110225
 112742 161220 110225 112742 161220 110225 112742 161220
 110225 005012 066143 071541 020163 062524 072163 041465
 051537 067145 064564 062555 072156 067522 072165 067151
 035147 020012 020040 021040 021042 041465 020072 067522
 072165 020145 072543 072163 066557 071145 020163 060542
 062563 020144 067157 062440 067555 064564 067157 066141
 071440 060564 062564 021056 021042 005012 020040 020040
 062544 020146 062564 072163 032537 057543 057461 067141
 071147 057571 062564 072170 071137 072557 062564 057563
 067564 064137 066565 067141 071450 066145 024546 005072
 020040 020040 020040 020040 021042 040442 063556 074562
 061440 071565 067564 062555 020162 062564 072170 161040
 111206 071040 072557 062564 072040 020157 072550 060555
 027156 021042 005042 020040 020040 020040 020040 062562
 072563 072154 036440 061440 066557 072560 062564 071537
 067145 064564 062555 072156 005050 020040 020040 020040
 020040 020040 020040 052042 064550 020163 071551 072440
 060556 061543 070145 060564 066142 020545 044440 073440
 067141 020164 067564 071440 062560 065541 072040 020157
 067571 071165 066440 067141 063541 071145 064440 066555
 062145 060551 062564 074554 020056 005042 020040 020040
 020040 020040 020040 020040 052042 064550 020163 071551
 072040 062550 073440 071157 072163 071440 071145 064566
 062543 044440 064040 073141 020145 073145 071145 062440
 070170 071145 062551 061556 062145 020056 020111 064567
 066154 071440 062565 074440 072557 021056 020012 020040
 020040 020040 024440 020012 020040 020040 020040 060440
 071563 071145 020164 062562 072563 072154 021133 060554
 062542 021154 020135 036475 021040 067141 071147 021171
 020012 020040 020040 020040 060440 071563 071145 020164
 062562 072563 072154 021133 067562 072165 021145 020135
 036475 051040 052517 042524 044137 046525 047101 020012
 020040 020040 020040 060440 071563 071145 020164 062562
 072563 072154 021133 061563 071157 021145 020135 020074
 027060 005063 020012 020040 062040 063145 072040 071545
 057564 061465 031137 064137 070141 074560 072137 074145
 057564 067562 072165 071545 072137 057557 064541 071450
 066145 024546 005072 020040 020040 020040 020040 021042
 044042 070141 074560 061440 071565 067564 062555 020162
 062564 072170 161040 111206 040440 020111 072541 067564
 021056 021042 020012 020040 020040 020040 071040 071545
 066165 020164 020075 067543 070155 072165 057545 062563
 072156 066551 067145 024164 020012 020040 020040 020040
 020040 020040 021040 064124 067141 071553 071440 020157
 072555 064143 020041 071107 060545 020164 062563 073162
 061551 026145 071040 060545 066154 020171 070141 071160
 061545 060551 062564 072040 062550 070440 064565 065543
 071040 071545 067560 071556 027145 021040 020012 020040
 020040 020040 020040 020040 021040 073501 071545 066557
 020145 067567 065562 020054 023511 066154 071040 061545
 066557 062555 062156 074440 072557 072040 020157 073145
 071145 067571 062556 021056 020012 020040 020040 020040
 024440 020012 020040 020040 020040 060440 071563 071145
 020164 062562 072563 072154 021133 060554 062542 021154
 020135 036475 021040 060550 070160 021171 020012 020040
 020040 020040 060440 071563 071145 020164 062562 072563
 072154 021133 067562 072165 021145 020135 036475 051040
 052517 042524 040537 057511 052501 047524 020012 020040
 020040 020040 060440 071563 071145 020164 062562 072563
 072154 021133 061563 071157 021145 020135 020076 027060
 005066 020012 020040 062040 063145 072040 071545 057564
 061465 031537 067137 072545 071164 066141 072137 074145
 057564 067562 072165 071545 072137 057557 066146 063541
 062547 024144 062563 063154 035051 020012 020040 020040
 020040 021040 021042 062516 072165 060562 020154 062564
 072170 161040 111206 040440 020111 066146 063541 062547
 020144 067546 020162 062562 064566 073545 021056 021042
 020012 020040 020040 020040 071040 071545 066165 020164
 020075 067543 070155 072165 057545 062563 072156 066551
 067145 024164 020012 020040 020040 020040 020040 020040
 021040 020111 060550 062566 060440 070440 062565 072163
 067551 020156 061141 072557 020164 074555 067440 062162
 071145 071440 060564 072564 027163 041440 067141 074440
 072557 064040 066145 037560 005042 020040 020040 020040
 020040 005051 020040 020040 020040 020040 071541 062563
 072162 071040 071545 066165 055564 066042 061141 066145
 056442 064440 020156 021050 064555 062570 021144 020054
 064042 070141 074560 024442 020040 020043 062556 072165
 060562 020154 062544 060546 066165 071564 072040 020157
 066163 063551 072150 074554 070040 071557 072151 073151
 005145 020040 020040 020040 020040 071541 062563 072162
 071040 071545 066165 055564 071042 072557 062564 056442
 064440 020156 051050 052517 042524 040537 057511 046106
 043501 042507 026104 051040 052517 042524 040537 057511
 052501 047524 005051 020012 020040 062040 063145 072040
 071545 057564 061465 032137 067137 063545 072141 067551
 057556 066146 070151 057563 062563 072156 066551 067145
 024164 062563 063154 035051 020012 020040 020040 020040
 021040 021042 047047 072157 064040 070141 074560 020047
 064163 072557 062154 067040 072157 061040 020145 071164
 060545 062564 020144 071541 064040 070141 074560 021056
 021042 020012 020040 020040 020040 071040 071545 066165
 020164 020075 067543 070155 072165 057545 062563 072156
 066551 067145 024164 044442 060440 020155 067556 020164
 060550 070160 020171 064567 064164 072040 064550 020163
 062563 073162 061551 020145 072141 060440 066154 024442
 020012 020040 020040 020040 021440 052040 062550 067040
 063545 072141 067551 020156 064163 072557 062154 071040
 062145 061565 020145 060550 070160 020171 064563 067147
 066141 005163 020040 020040 020040 020040 020043 060515
 020171 067556 020164 062542 060440 063556 074562 024040
 067556 060440 063556 074562 065440 074545 067567 062162
 024563 061040 072165 071440 067550 066165 020144 062542
 066040 073557 071145 072040 060550 020156 060550 070160
 020171 064164 062562 064163 066157 005144 020040 020040
 020040 020040 071541 062563 072162 071040 071545 066165
 055564 064042 071541 067137 063545 072141 067551 021156
 020135 071551 052040 072562 005145 020012 020040 062040
 063145 072040 071545 057564 061465 032537 064537 072156
 067145 064563 064546 071145 060537 070155 064554 064546
 071545 071450 066145 024546 005072 020040 020040 020040
 020040 021042 044442 072156 067145 064563 064546 071145
 020163 064163 072557 062154 061040 020145 062544 062564
 072143 062145 021056 021042 020012 020040 020040 020040
 071040 071545 066165 020164 020075 067543 070155 072165
 057545 062563 072156 066551 067145 024164 044442 060440
 020155 074145 071164 066545 066145 020171 067141 071147
 020171 061141 072557 020164 064164 071551 072040 071145
 064562 066142 020145 074145 062560 064562 067145 062543
 024442 020012 020040 020040 020040 060440 071563 071145
 020164 062562 072563 072154 021133 060550 057563 067151
 062564 071556 063151 062551 021162 020135 071551 052040
 072562 005145 020040 020040 020040 020040 071541 062563
 072162 071040 071545 066165 055564 066042 061141 066145
 056442 036440 020075 060442 063556 074562 005042 020012
 020040 062040 063145 072040 071545 057564 061465 033137
 062537 070155 074564 072137 074145 057564 062562 072564
 067162 057563 062556 072165 060562 024154 062563 063154
 035051 020012 020040 020040 020040 021040 021042 066505
 072160 020171 062564 072170 161040 111206 067040 072545
 071164 066141 062040 063145 072541 072154 021056 021042
 020012 020040 020040 020040 071040 071545 066165 020164
 020075 067543 070155 072165 057545 062563 072156 066551
 067145 024164 021042 005051 020040 020040 020040 020040
 071541 062563 072162 071040 071545 066165 055564 071442
 067543 062562 056442 036440 020075 027060 005065 020040
 020040 020040 020040 071541 062563 072162 071040 071545
 066165 055564 071042 072557 062564 056442 036440 020075
 047522 052125 057505 044501 043137 040514 043507 042105
 005012 020040 020040 062544 020146 062564 072163 032537
 057543 057467 067562 072165 057545 074542 071537 067145
 064564 062555 072156 063137 066165 024154 062563 063154
 035051 020012 020040 020040 020040 021040 021042 072506
 066154 071440 067145 064564 062555 072156 071040 072557
 064564 063556 073440 072151 020150 041104 070040 071145
 064563 072163 067145 062543 073040 060551 061040 064562
 063544 027145 021042 005042 020040 020040 020040 020040
 062562 072563 072154 036440 057440 072562 024156 071142
 062151 062547 071537 067145 064564 062555 072156 005050
 020040 020040 020040 020040 020040 020040 062564 060556
 072156 064537 036544 042524 040516 052116 005054 020040
 020040 020040 020040 020040 020040 064564 065543 072145
 064537 036544 052042 052113 051455 047105 026524 021061
 005054 020040 020040 020040 020040 020040 020040 072561
 071145 036571 044442 066447 063040 071165 067551 071565
 020041 064124 071551 064440 020163 064562 064544 072543
 067554 071565 020056 020111 060567 072156 066440 020171
 067555 062556 020171 060542 065543 021041 005054 020040
 020040 020040 020040 024451 020012 020040 020040 020040
 060440 071563 071145 020164 062562 072563 072154 064440
 020163 067556 020164 067516 062556 020012 020040 020040
 020040 060440 071563 071145 020164 062562 072563 072154
 021133 067562 072165 021145 020135 036475 051040 052517
 042524 044137 046525 047101 020012 020040 020040 020040
 060440 071563 071145 020164 071442 067145 064564 062555
 072156 020042 067151 071040 071545 066165 005164 020012
 020040 020040 020040 021440 053040 071145 063151 020171
 062560 071562 071551 062564 020144 067151 042040 020102
 061050 064562 063544 020145 071167 072151 071545 072040
 020157 041104 005051 020040 020040 020040 020040 061144
 036440 063440 072145 062137 024142 005051 020040 020040
 020040 020040 067554 071547 036440 062040 027142 071537
 067145 064564 062555 072156 066137 063557 005163 020040
 020040 020040 020040 071541 062563 072162 060440 074556
 066050 021133 064564 065543 072145 064537 021144 020135
 036475 021040 045524 026524 042523 052116 030455 020042
 067546 020162 020154 067151 066040 063557 024563 005012
 020040 020040 062544 020146 062564 072163 032537 057543
 057470 064566 057560 067141 071147 057571 071545 060543
 060554 062564 024163 062563 063154 035051 020012 020040
 020040 020040 021040 021042 044526 020120 020053 067141
 071147 020171 103342 020222 066141 060567 071571 062440
 061563 066141 072141 027145 021042 005042 020040 020040
 020040 020040 062562 072563 072154 036440 057440 072562
 024156 067562 072165 057545 074542 071537 067145 064564
 062555 072156 005050 020040 020040 020040 020040 020040
 020040 062564 060556 072156 064537 036544 042524 040516
 052116 005054 020040 020040 020040 020040 020040 020040
 064564 065543 072145 064537 036544 052042 052113 053055
 050111 040455 043516 054522 026042 020012 020040 020040
 020040 020040 020040 070440 062565 074562 021075 064124
 071551 064440 020163 062564 071162 061151 062554 071440
 071145 064566 062543 026042 020012 020040 020040 020040
 020040 020040 061440 071565 067564 062555 057562 067543
 072156 074145 036564 021173 071551 073137 070151 035042
 052040 072562 076545 005054 020040 020040 020040 020040
 024451 020012 020040 020040 020040 060440 071563 071145
 020164 062562 072563 072154 021133 071545 060543 060554
 062564 056442 064440 020163 071124 062565 020012 020040
 020040 020040 060440 071563 071145 020164 062562 072563
 072154 021133 067562 072165 021145 020135 036475 051040
 052517 042524 044137 046525 047101 005012 020040 020040
 062544 020146 062564 072163 032537 057543 057471 062562
 062560 072141 061537 067157 060564 072143 062537 061563
 066141 072141 071545 071450 066145 024546 005072 020040
 020040 020040 020040 021042 031442 020053 067543 072156
 061541 071564 060440 067542 072165 071440 066541 020145
 071551 072563 020145 103342 020222 071545 060543 060554
 062564 021056 021042 020012 020040 020040 020040 071040
 071545 066165 020164 020075 071137 067165 071050 072557
 062564 061137 057571 062563 072156 066551 067145 024164
 020012 020040 020040 020040 020040 020040 072040 067145
 067141 057564 062151 052075 047105 047101 026124 020012
 020040 020040 020040 020040 020040 072040 061551 062553
 057564 062151 021075 045524 026524 042522 042520 052101
 026042 020012 020040 020040 020040 020040 020040 070440
 062565 074562 021075 072123 066151 020154 060567 072151
 067151 020147 067157 066440 020171 062562 072546 062156
 026042 020012 020040 020040 020040 020040 020040 061440
 071565 067564 062555 057562 067543 072156 074145 036564
 021173 067543 072156 061541 057564 067543 067165 021164
 020072 076464 005054 020040 020040 020040 020040 024451
 020012 020040 020040 020040 060440 071563 071145 020164
 062562 072563 072154 021133 071545 060543 060554 062564
 056442 064440 020163 071124 062565 005012 020040 020040
 062544 020146 062564 072163 032537 057543 030061 061137
 064562 063544 057545 062563 072156 066551 067145 057564
 064567 062562 024144 062563 063154 035051 020012 020040
 020040 020040 021040 021042 060560 073562 057541 071142
 062151 062547 071056 072557 062564 061137 057571 062563
 072156 066551 067145 020164 062560 071562 071551 071564
 072040 020157 041104 021056 021042 020012 020040 020040
 020040 071040 071545 066165 020164 020075 071137 067165
 061050 064562 063544 057545 062563 072156 066551 067145
 024164 020012 020040 020040 020040 020040 020040 072040
 067145 067141 057564 062151 052075 047105 047101 026124
 020012 020040 020040 020040 020040 020040 072040 061551
 062553 057564 062151 021075 045524 026524 051502 047105
 026524 021061 005054 020040 020040 020040 020040 020040
 020040 072561 071145 036571 052042 060550 065556 020163
 067546 020162 064164 020145 062550 070154 020054 071147
 060545 020164 062563 073162 061551 020545 026042 020012
 020040 020040 020040 024440 005051 020040 020040 020040
 020040 071541 062563 072162 071040 071545 066165 020164
 071551 067040 072157 047040 067157 005145 020040 020040
 020040 020040 071541 062563 072162 071040 071545 066165
 055564 071042 072557 062564 056442 036440 020075 047522
 052125 057505 044501 040537 052125 005117 020012 020040
 020040 020040 062040 020142 020075 062547 057564 061144
 024450 020012 020040 020040 020040 060440 071563 071145
 020164 067141 024171 055554 072042 061551 062553 057564
 062151 056442 036440 020075 052042 052113 041055 042523
 052116 030455 020042 067546 020162 020154 067151 062040
 027142 071537 067145 064564 062555 072156 066137 063557
 024563 005012 021412 161040 110225 112742 161220 110225
 112742 161220 110225 112742 161220 110225 112742 161220
 110225 112742 161220 110225 112742 161220 110225 112742
 161220 110225 112742 161220 110225 112742 161220 110225
 112742 161220 110225 112742 161220 110225 112742 161220
 110225 112742 161220 110225 112742 161220 110225 112742
 161220 110225 112742 161220 110225 112742 161220 110225
 112742 161220 110225 112742 161220 110225 112742 161220
 110225 112742 161220 110225 112742 161220 110225 112742
 161220 110225 112742 161220 110225 112742 161220 110225
 112742 161220 110225 112742 161220 110225 112742 161220
 110225 112742 161220 110225 112742 161220 110225 112742
 161220 110225 021412 032440 035104 040440 070160 067562
 060566 020154 060507 062564 005163 020043 112742 161220
 110225 112742 161220 110225 112742 161220 110225 112742
 161220 110225 112742 161220 110225 112742 161220 110225
 112742 161220 110225 112742 161220 110225 112742 161220
 110225 112742 161220 110225 112742 161220 110225 112742
 161220 110225 112742 161220 110225 112742 161220 110225
 112742 161220 110225 112742 161220 110225 112742 161220
 110225 112742 161220 110225 112742 161220 110225 112742
 161220 110225 112742 161220 110225 112742 161220 110225
 112742 161220 110225 112742 161220 110225 112742 161220
 110225 112742 161220 110225 112742 161220 110225 112742
 161220 110225 112742 161220 110225 112742 161220 110225
 112742 161220 110225 112742 005220 061412 060554 071563
 052040 071545 032564 057504 070101 071160 073157 066141
 060507 062564 035163 020012 020040 021040 021042 042065
 020072 060510 062162 061455 062157 062145 071440 063141
 072145 020171 072562 062554 020163 064164 072141 041440
 047101 047516 020124 062542 067440 062566 071162 062151
 062544 020156 074542 040440 027111 021042 005042 020012
 020040 062040 063145 072040 071545 057564 062065 030537
 071137 063145 067165 057544 066141 060567 071571 071137
 070545 064565 062562 057563 070141 071160 073157 066141
 071450 066145 024546 005072 020040 020040 020040 020040
 021042 051042 063145 067165 020144 061541 064564 067157
 040440 053514 054501 020123 062562 072561 071151 071545
 060440 070160 067562 060566 020154 064050 071141 020144
 060547 062564 027051 021042 005042 020040 020040 020040
 020040 062562 072563 072154 036440 057440 072562 024156
 064143 061545 057553 070141 071160 073157 066141 071137
 070545 064565 062562 024144 020012 020040 020040 020040
 020040 020040 072040 067145 067141 057564 062151 052075
 047105 047101 026124 060440 072143 067551 036556 071042
 063145 067165 021144 005054 020040 020040 020040 020040
 020040 020040 067543 063156 062151 067145 062543 030075
 034456 026071 064440 057563 064566 036560 060506 071554
 026145 073040 066141 062565 072537 062163 030075 005054
 020040 020040 020040 020040 024451 020012 020040 020040
 020040 060440 071563 071145 020164 062562 072563 072154
 021133 062562 072561 071151 062145 056442 064440 020163
 071124 062565 020012 020040 020040 020040 060440 071563
 071145 020164 062562 072563 072154 021133 060547 062564
 072137 070171 021145 020135 036475 021040 060550 062162
 005042 020012 020040 062040 063145 072040 071545 057564
 062065 031137 071137 072145 071165 057556 066141 060567
 071571 071137 070545 064565 062562 057563 070141 071160
 073157 066141 071450 066145 024546 005072 020040 020040
 020040 020040 021042 051042 072145 071165 020156 061541
 064564 067157 040440 053514 054501 020123 062562 072561
 071151 071545 060440 070160 067562 060566 027154 021042
 005042 020040 020040 020040 020040 062562 072563 072154
 036440 057440 072562 024156 064143 061545 057553 070141
 071160 073157 066141 071137 070545 064565 062562 024144
 020012 020040 020040 020040 020040 020040 072040 067145
 067141 057564 062151 052075 047105 047101 026124 060440
 072143 067551 036556 071042 072145 071165 021156 005054
 020040 020040 020040 020040 024451 020012 020040 020040
 020040 060440 071563 071145 020164 062562 072563 072154
 021133 062562 072561 071151 062145 056442 064440 020163
 071124 062565 020012 020040 020040 020040 060440 071563
 071145 020164 062562 072563 072154 021133 060547 062564
 072137 070171 021145 020135 067151 024040 064042 071141
 021144 020054 061042 060554 065543 064554 072163 024442
 005012 020040 020040 062544 020146 062564 072163 032537
 057544 057463 061541 067543 067165 057564 064143 067141
 062547 060537 073554 074541 057563 062562 072561 071151
 071545 060537 070160 067562 060566 024154 062563 063154
 035051 020012 020040 020040 020040 021040 021042 061501
 067543 067165 020164 064143 067141 062547 020163 046101
 040527 051531 071040 070545 064565 062562 060440 070160
 067562 060566 027154 021042 005042 020040 020040 020040
 020040 062562 072563 072154 036440 057440 072562 024156
 064143 061545 057553 070141 071160 073157 066141 071137
 070545 064565 062562 024144 020012 020040 020040 020040
 020040 020040 072040 067145 067141 057564 062151 052075
 047105 047101 026124 060440 072143 067551 036556 060442
 061543 072557 072156 061537 060550 063556 021145 005054
 020040 020040 020040 020040 024451 020012 020040 020040
 020040 060440 071563 071145 020164 062562 072563 072154
 021133 062562 072561 071151 062145 056442 064440 020163
 071124 062565 020012 020040 020040 020040 060440 071563
 071145 020164 062562 072563 072154 021133 060547 062564
 072137 070171 021145 020135 067151 024040 064042 071141
 021144 020054 061042 060554 065543 064554 072163 024442
 005012 020040 020040 062544 020146 062564 072163 032537
 057544 057464 067560 064554 074543 062537 061570 070145
 064564 067157 060537 073554 074541 057563 062562 072561
 071151 071545 060537 070160 067562 060566 024154 062563
 063154 035051 020012 020040 020040 020040 021040 021042
 067520 064554 074543 062440 061570 070145 064564 067157
 020163 046101 040527 051531 071040 070545 064565 062562
 060440 070160 067562 060566 027154 021042 005042 020040
 020040 020040 020040 062562 072563 072154 036440 057440
 072562 024156 064143 061545 057553 070141 071160 073157
 066141 071137 070545 064565 062562 024144 020012 020040
 020040 020040 020040 020040 072040 067145 067141 057564
 062151 052075 047105 047101 026124 060440 072143 067551
 036556 070042 066157 061551 057571 074145 062543 072160
 067551 021156 005054 020040 020040 020040 020040 024451
 020012 020040 020040 020040 060440 071563 071145 020164
 062562 072563 072154 021133 062562 072561 071151 062145
 056442 064440 020163 071124 062565 005012 020040 020040
 062544 020146 062564 072163 032537 057544 057465 064544
 061563 072557 072156 060537 067542 062566 072137 071150
 071545 067550 062154 071137 070545 064565 062562 057563
 070141 071160 073157 066141 071450 066145 024546 005072
 020040 020040 020040 020040 021042 042042 071551 067543
 067165 020164 020076 030444 020060 062562 072561 071151
 071545 060440 070160 067562 060566 020154 061450 067157
 064544 064564 067157 066141 063440 072141 024545 021056
 021042 020012 020040 020040 020040 071040 071545 066165
 020164 020075 071137 067165 061450 062550 065543 060537
 070160 067562 060566 057554 062562 072561 071151 062145
 005050 020040 020040 020040 020040 020040 020040 062564
 060556 072156 064537 036544 042524 040516 052116 020054
 061541 064564 067157 021075 064544 061563 072557 072156
 026042 020012 020040 020040 020040 020040 020040 073040
 066141 062565 072537 062163 030475 027065 026060 020012
 020040 020040 020040 024440 005051 020040 020040 020040
 020040 071541 062563 072162 071040 071545 066165 055564
 071042 070545 064565 062562 021144 020135 071551 052040
 072562 005145 020040 020040 020040 020040 071541 062563
 072162 071040 071545 066165 055564 063442 072141 057545
 074564 062560 056442 036440 020075 061442 067157 064544
 064564 067157 066141 005042 020012 020040 062040 063145
 072040 071545 057564 062065 033137 062137 071551 067543
 067165 057564 062542 067554 057567 064164 062562 064163
 066157 057544 067556 060537 070160 067562 060566 024154
 062563 063154 035051 020012 020040 020040 020040 021040
 021042 064504 061563 072557 072156 036040 020075 030444
 020060 067544 071545 047040 052117 071040 070545 064565
 062562 060440 070160 067562 060566 027154 021042 005042
 020040 020040 020040 020040 062562 072563 072154 036440
 057440 072562 024156 064143 061545 057553 070141 071160
 073157 066141 071137 070545 064565 062562 024144 020012
 020040 020040 020040 020040 020040 072040 067145 067141
 057564 062151 052075 047105 047101 026124 060440 072143
 067551 036556 062042 071551 067543 067165 021164 005054
 020040 020040 020040 020040 020040 020040 060566 072554
 057545 071565 036544 027065 026060 020012 020040 020040
 020040 024440 005051 020040 020040 020040 020040 071541
 062563 072162 071040 071545 066165 055564 071042 070545
 064565 062562 021144 020135 071551 043040 066141 062563
 005012 020040 020040 062544 020146 062564 072163 032537
 057544 057467 064566 057560 061541 064564 067157 057563
 062562 072561 071151 057545 070141 071160 073157 066141
 071450 066145 024546 005072 020040 020040 020040 020040
 021042 053042 050111 061440 071565 067564 062555 020162
 061541 064564 067157 020163 067157 063440 072141 062145
 066040 071551 020164 062562 072561 071151 020145 070141
 071160 073157 066141 021056 021042 020012 020040 020040
 020040 071040 071545 066165 020164 020075 071137 067165
 061450 062550 065543 060537 070160 067562 060566 057554
 062562 072561 071151 062145 005050 020040 020040 020040
 020040 020040 020040 062564 060556 072156 064537 036544
 042524 040516 052116 020054 061541 064564 067157 021075
 060543 061556 066145 060554 064564 067157 026042 020012
 020040 020040 020040 020040 020040 064440 057563 064566
 036560 071124 062565 005054 020040 020040 020040 020040
 024451 020012 020040 020040 020040 060440 071563 071145
 020164 062562 072563 072154 021133 062562 072561 071151
 062145 056442 064440 020163 071124 062565 020012 020040
 020040 020040 060440 071563 071145 020164 062562 072563
 072154 021133 060547 062564 072137 070171 021145 020135
 036475 021040 064566 021160 005012 020040 020040 062544
 020146 062564 072163 032537 057544 057470 072543 072163
 066557 060537 072165 057557 070141 071160 073157 057545
 064567 064164 061137 060554 065543 064554 072163 071450
 066145 024546 005072 020040 020040 020040 020040 021042
 042442 062566 020156 072543 072163 066557 060440 072165
 026557 070141 071160 073157 020145 060543 023556 020164
 073157 071145 064562 062544 064040 071141 020144 060547
 062564 020163 071050 063145 067165 071544 027051 021042
 005042 020040 020040 020040 020040 071137 067165 071450
 072145 061537 071565 067564 057555 060547 062564 024163
 020012 020040 020040 020040 020040 020040 072040 067145
 067141 057564 062151 052075 047105 047101 026124 020012
 020040 020040 020040 020040 020040 060440 072165 057557
 070141 071160 073157 057545 061541 064564 067157 036563
 021133 062562 072546 062156 026042 021040 067151 067546
 070537 062565 074562 056442 005054 020040 020040 020040
 020040 020040 020040 062563 057564 074542 021075 062141
 064555 040156 062564 072163 061456 066557 026042 020012
 020040 020040 020040 024440 005051 020012 020040 020040
 020040 021440 051040 063145 067165 020144 064163 072557
 062154 051440 044524 046114 071040 070545 064565 062562
 060440 070160 067562 060566 020154 061050 060554 065543
 064554 072163 005051 020040 020040 020040 020040 062562
 072563 072154 036440 057440 072562 024156 064143 061545
 057553 070141 071160 073157 066141 071137 070545 064565
 062562 024144 020012 020040 020040 020040 020040 020040
 072040 067145 067141 057564 062151 052075 047105 047101
 026124 060440 072143 067551 036556 071042 063145 067165
 021144 005054 020040 020040 020040 020040 020040 020040
 067543 063156 062151 067145 062543 030075 034456 026071
 020012 020040 020040 020040 024440 005051 020040 020040
 020040 020040 071541 062563 072162 071040 071545 066165
 055564 071042 070545 064565 062562 021144 020135 071551
 052040 072562 005145 020040 020040 020040 020040 071541
 062563 072162 071040 071545 066165 055564 063442 072141
 057545 074564 062560 056442 064440 020156 021050 060550
 062162 026042 021040 066142 061541 066153 071551 021164
 020051 021440 064040 072151 020163 060550 062162 063440
 072141 020145 064546 071562 005164 020012 020040 062040
 063145 072040 071545 057564 062065 034537 061537 071565
 067564 057555 072541 067564 060537 070160 067562 062566
 067137 067157 061137 060554 065543 064554 072163 071450
 066145 024546 005072 020040 020040 020040 020040 021042
 047042 067157 061055 060554 065543 064554 072163 060440
 072143 067551 020156 060543 020156 062542 060440 072165
 026557 070141 071160 073157 062145 073440 072151 020150
 064550 064147 061440 067157 064546 062544 061556 027145
 021042 005042 020040 020040 020040 020040 071137 067165
 071450 072145 061537 071565 067564 057555 060547 062564
 024163 020012 020040 020040 020040 020040 020040 072040
 067145 067141 057564 062151 052075 047105 047101 026124
 020012 020040 020040 020040 020040 020040 060440 072165
 057557 070141 071160 073157 057545 061541 064564 067157
 036563 021133 067151 067546 070537 062565 074562 056442
 005054 020040 020040 020040 020040 020040 020040 060555
 057570 072541 067564 060537 070160 067562 062566 061537
 067157 064546 062544 061556 036545 027060 030071 005054
 020040 020040 020040 020040 020040 020040 062563 057564
 074542 021075 062141 064555 040156 062564 072163 061456
 066557 026042 020012 020040 020040 020040 024440 005051
 020012 020040 020040 020040 071040 071545 066165 020164
 020075 071137 067165 061450 062550 065543 060537 070160
 067562 060566 057554 062562 072561 071151 062145 005050
 020040 020040 020040 020040 020040 020040 062564 060556
 072156 064537 036544 042524 040516 052116 020054 061541
 064564 067157 021075 067151 067546 070537 062565 074562
 026042 020012 020040 020040 020040 020040 020040 061440
 067157 064546 062544 061556 036545 027060 032471 005054
 020040 020040 020040 020040 024451 020012 020040 020040
 020040 060440 071563 071145 020164 062562 072563 072154
 021133 062562 072561 071151 062145 056442 064440 020163
 060506 071554 005145 020040 020040 020040 020040 071541
 062563 072162 071040 071545 066165 055564 063442 072141
 057545 074564 062560 056442 036440 020075 061442 067157
 064546 062544 061556 057545 072541 067564 005042 020012
 020040 062040 063145 072040 071545 057564 062065 030537
 057460 067554 062141 063537 072141 071545 063137 067562
 057555 061144 071450 066145 024546 005072 020040 020040
 020040 020040 021042 040442 070160 067562 060566 020154
 060547 062564 020163 071141 020145 072163 071157 062145
 071057 072145 064562 073145 062145 063040 067562 020155
 041104 021056 021042 020012 020040 020040 020040 062040
 020142 020075 062547 057564 061144 024450 020012 020040
 020040 020040 057440 072562 024156 061144 071456 072145
 063137 060545 072564 062562 063137 060554 024147 042524
 040516 052116 020054 060442 070160 067562 060566 057554
 060547 062564 021163 020054 005173 020040 020040 020040
 020040 020040 020040 060442 072165 057557 070141 071160
 073157 057545 061541 064564 067157 021163 020072 021133
 072163 072141 071565 061537 062550 065543 056442 005054
 020040 020040 020040 020040 020040 020040 066442 074141
 060537 072165 057557 070141 071160 073157 057545 067543
 063156 062151 067145 062543 035042 030040 034456 026062
 020012 020040 020040 020040 076440 020054 060442 066544
 067151 024442 005051 020012 020040 020040 020040 064440
 073156 066141 062151 072141 057545 060547 062564 061537
 061541 062550 052050 047105 047101 024524 020012 020040
 020040 020040 063440 072141 071545 036440 057440 072562
 024156 067554 062141 060537 070160 067562 060566 057554
 060547 062564 024163 042524 040516 052116 024451 005012
 020040 020040 020040 020040 071541 062563 072162 021040
 072163 072141 071565 061537 062550 065543 020042 067151
 063440 072141 071545 021133 072541 067564 060537 070160
 067562 062566 060537 072143 067551 071556 056442 020012
 020040 020040 020040 060440 071563 071145 020164 060547
 062564 055563 066442 074141 060537 072165 057557 070141
 071160 073157 057545 067543 063156 062151 067145 062543
 056442 036440 020075 027060 031071 005012 020040 020040
 062544 020146 062564 072163 032537 057544 030461 061137
 064562 063544 057545 070141 071160 073157 066141 063537
 072141 057545 064567 062562 024144 062563 063154 035051
 020012 020040 020040 020040 021040 021042 060560 073562
 057541 071142 062151 062547 061456 062550 065543 060537
 070160 067562 060566 057554 060547 062564 073440 071157
 071553 062440 062156 072055 026557 067145 027144 021042
 005042 020040 020040 020040 020040 062562 072563 072154
 036440 057440 072562 024156 064143 061545 057553 070141
 071160 073157 066141 063537 072141 024145 020012 020040
 020040 020040 020040 020040 072040 067145 067141 057564
 062151 052075 047105 047101 026124 060440 072143 067551
 036556 071042 063145 067165 021144 005054 020040 020040
 020040 020040 024451 020012 020040 020040 020040 060440
 071563 071145 020164 062562 072563 072154 064440 020163
 067556 020164 067516 062556 020012 020040 020040 020040
 060440 071563 071145 020164 062562 072563 072154 021133
 062562 072561 071151 062145 056442 064440 020163 071124
 062565 005012 020040 020040 062544 020146 062564 072163
 032537 057544 031061 062537 062570 072543 062564 071137
 063145 067165 057544 060566 064562 067141 057564 066141
 060567 071571 063537 072141 062145 071450 066145 024546
 005072 020040 020040 020040 020040 021042 023442 074145
 061545 072165 057545 062562 072546 062156 020047 060566
 064562 067141 020164 071551 060440 071554 020157 060550
 062162 063455 072141 062145 021056 021042 020012 020040
 020040 020040 063040 071157 060440 072143 067551 020156
 067151 055440 062442 062570 072543 062564 071137 063145
 067165 021144 020054 070042 067562 062543 071563 071137
 072145 071165 021156 020054 064042 067141 066144 057545
 062562 072546 062156 056442 005072 020040 020040 020040
 020040 020040 020040 062562 072563 072154 036440 057440
 072562 024156 064143 061545 057553 070141 071160 073157
 066141 071137 070545 064565 062562 024144 020012 020040
 020040 020040 020040 020040 020040 020040 072040 067145
 067141 057564 062151 052075 047105 047101 026124 060440
 072143 067551 036556 061541 064564 067157 005054 020040
 020040 020040 020040 020040 020040 024451 020012 020040
 020040 020040 020040 020040 060440 071563 071145 020164
 062562 072563 072154 021133 062562 072561 071151 062145
 056442 064440 020163 071124 062565 020054 021146 061501
 064564 067157 023440 060573 072143 067551 076556 020047
 064163 072557 062154 071040 070545 064565 062562 060440
 070160 067562 060566 021154 005012 021412 161040 110225
 112742 161220 110225 112742 161220 110225 112742 161220
 110225 112742 161220 110225 112742 161220 110225 112742
 161220 110225 112742 161220 110225 112742 161220 110225
 112742 161220 110225 112742 161220 110225 112742 161220
 110225 112742 161220 110225 112742 161220 110225 112742
 161220 110225 112742 161220 110225 112742 161220 110225
 112742 161220 110225 112742 161220 110225 112742 161220
 110225 112742 161220 110225 112742 161220 110225 112742
 161220 110225 112742 161220 110225 112742 161220 110225
 112742 161220 110225 112742 161220 110225 112742 161220
 110225 112742 161220 110225 112742 161220 110225 112742
 161220 110225 112742 161220 110225 021412 032440 035105
 053040 071141 060551 072156 051040 061545 066557 062555
 062156 072141 067551 005156 020043 112742 161220 110225
 112742 161220 110225 112742 161220 110225 112742 161220
 110225 112742 161220 110225 112742 161220 110225 112742
 161220 110225 112742 161220 110225 112742 161220 110225
 112742 161220 110225 112742 161220 110225 112742 161220
 110225 112742 161220 110225 112742 161220 110225 112742
 161220 110225 112742 161220 110225 112742 161220 110225
 112742 161220 110225 112742 161220 110225 112742 161220
 110225 112742 161220 110225 112742 161220 110225 112742
 161220 110225 112742 161220 110225 112742 161220 110225
 112742 161220 110225 112742 161220 110225 112742 161220
 110225 112742 161220 110225 112742 161220 110225 112742
 161220 110225 112742 005220 061412 060554 071563 052040
 071545 032564 057505 060526 064562 067141 051164 061545
 066557 062555 062156 072141 067551 035156 020012 020040
 021040 021042 042465 020072 062522 067543 066555 067145
 020144 060566 064562 067141 020164 070165 071147 062141
 071545 073440 062550 020156 072543 071162 067145 020164
 060543 023556 020164 060550 062156 062554 072040 071541
 027153 021042 005042 020012 020040 062040 063145 072040
 071545 057564 062465 030537 071537 066551 066160 057545
 072561 071145 057571 067157 066537 067151 057551 067556
 072537 063560 060562 062544 071450 066145 024546 005072
 020040 020040 020040 020040 021042 051442 066551 066160
 020145 072561 071145 020171 067157 046440 067151 020151
 103342 020222 067556 072440 063560 060562 062544 067040
 062545 062544 027144 021042 005042 020040 020040 020040
 020040 062562 072563 072154 036440 057440 072562 024156
 062562 067543 066555 067145 057544 060566 064562 067141
 024164 020012 020040 020040 020040 020040 020040 072040
 067145 067141 057564 062151 052075 047105 047101 026124
 072040 061551 062553 057564 062151 021075 045524 026524
 051126 030455 026042 020012 020040 020040 020040 020040
 020040 070440 062565 074562 021075 064127 072141 060440
 062562 074440 072557 020162 072542 064563 062556 071563
 064040 072557 071562 021077 005054 020040 020040 020040
 020040 020040 020040 072543 071162 067145 057564 060566
 064562 067141 036564 066442 067151 021151 005054 020040
 020040 020040 020040 024451 020012 020040 020040 020040
 060440 071563 071145 020164 062562 072563 072154 021133
 070165 071147 062141 057545 062556 062145 062145 056442
 064440 020163 060506 071554 005145 020040 020040 020040
 020040 071541 062563 072162 071040 071545 066165 055564
 071042 061545 066557 062555 062156 062145 073137 071141
 060551 072156 056442 064440 020163 067516 062556 005012
 020040 020040 062544 020146 062564 072163 032537 057545
 057462 062562 072546 062156 067537 057556 064555 064556
 067137 062545 071544 072537 063560 060562 062544 071450
 066145 024546 005072 020040 020040 020040 020040 021042
 051042 063145 067165 020144 072561 071145 020171 067157
 046440 067151 020151 103342 020222 062556 062145 020163
 070165 071147 062141 020145 046450 067151 020151 060543
 023556 020164 067544 071040 063145 067165 071544 027051
 021042 005042 020040 020040 020040 020040 062562 072563
 072154 036440 057440 072562 024156 062562 067543 066555
 067145 057544 060566 064562 067141 024164 020012 020040
 020040 020040 020040 020040 072040 067145 067141 057564
 062151 052075 047105 047101 026124 072040 061551 062553
 057564 062151 021075 045524 026524 051126 031055 026042
 020012 020040 020040 020040 020040 020040 070440 062565
 074562 021075 020111 060567 072156 060440 071040 063145
 067165 020144 067546 020162 071157 062544 020162 030443
 031462 026042 020012 020040 020040 020040 020040 020040
 061440 071165 062562 072156 073137 071141 060551 072156
 021075 064555 064556 026042 020012 020040 020040 020040
 020040 020040 071040 070545 064565 062562 057544 061541
 064564 067157 021075 062562 072546 062156 026042 020012
 020040 020040 020040 024440 005051 020040 020040 020040
 020040 071541 062563 072162 071040 071545 066165 055564
 072442 063560 060562 062544 067137 062545 062544 021144
 020135 071551 052040 072562 005145 020040 020040 020040
 020040 071541 062563 072162 071040 071545 066165 055564
 071042 061545 066557 062555 062156 062145 073137 071141
 060551 072156 056442 064440 020163 067556 020164 067516
 062556 020012 020040 020040 020040 021440 051440 067550
 066165 020144 062562 067543 066555 067145 020144 060560
 073562 057541 072163 067141 060544 062162 024040 064143
 060545 062560 072163 072040 060550 020164 060550 062156
 062554 020163 062562 072546 062156 024563 020012 020040
 020040 020040 060440 071563 071145 020164 062562 072563
 072154 021133 062562 067543 066555 067145 062544 057544
 060566 064562 067141 021164 020135 067151 024040 070042
 071141 060567 071537 060564 062156 071141 021144 020054
 070042 071141 060567 064137 063551 021150 005051 020012
 020040 062040 063145 072040 071545 057564 062465 031537
 061537 066557 066160 074145 066537 066165 064564 060537
 064560 067137 062545 071544 064137 063551 024150 062563
 063154 035051 020012 020040 020040 020040 021040 021042
 072515 072154 026551 050101 020111 020053 071545 060543
 060554 064564 067157 161040 111206 067040 062545 071544
 050040 051101 040527 044040 063551 027150 021042 005042
 020040 020040 020040 020040 062562 072563 072154 036440
 057440 072562 024156 062562 067543 066555 067145 057544
 060566 064562 067141 024164 020012 020040 020040 020040
 020040 020040 072040 067145 067141 057564 062151 052075
 047105 047101 026124 072040 061551 062553 057564 062151
 021075 045524 026524 051126 031455 026042 020012 020040
 020040 020040 020040 020040 070440 062565 074562 021075
 020111 062556 062145 060440 071040 063145 067165 020144
 047101 020104 074555 051440 067550 064560 074546 067440
 062162 071145 064440 020163 071167 067157 020147 047101
 020104 020111 060567 072156 072040 020157 070163 060545
 020153 067564 066440 067141 063541 071145 026042 020012
 020040 020040 020040 020040 020040 061440 071165 062562
 072156 073137 071141 060551 072156 021075 064555 064556
 026042 020012 020040 020040 020040 024440 005051 020040
 020040 020040 020040 071541 062563 072162 071040 071545
 066165 055564 072442 063560 060562 062544 067137 062545
 062544 021144 020135 071551 052040 072562 005145 020040
 020040 020040 020040 071541 062563 072162 071040 071545
 066165 055564 071042 061545 066557 062555 062156 062145
 073137 071141 060551 072156 056442 036440 020075 070042
 071141 060567 064137 063551 021150 005012 020040 020040
 062544 020146 062564 072163 032537 057545 057464 072163
 067141 060544 062162 064137 067141 066144 071545 071137
 063145 067165 024144 062563 063154 035051 020012 020040
 020040 020040 021040 021042 040520 053522 020101 072123
 067141 060544 062162 061440 067141 064040 067141 066144
 020145 020141 064563 070155 062554 071040 063145 067165
 027144 021042 005042 020040 020040 020040 020040 062562
 072563 072154 036440 057440 072562 024156 062562 067543
 066555 067145 057544 060566 064562 067141 024164 020012
 020040 020040 020040 020040 020040 072040 067145 067141
 057564 062151 052075 047105 047101 026124 072040 061551
 062553 057564 062151 021075 045524 026524 051126 032055
 026042 020012 020040 020040 020040 020040 020040 070440
 062565 074562 021075 066120 060545 062563 070040 067562
 062543 071563 066440 020171 062562 072546 062156 026042
 020012 020040 020040 020040 020040 020040 061440 071165
 062562 072156 073137 071141 060551 072156 021075 060560
 073562 057541 072163 067141 060544 062162 026042 020012
 020040 020040 020040 020040 020040 071040 070545 064565
 062562 057544 061541 064564 067157 021075 062562 072546
 062156 026042 020012 020040 020040 020040 024440 005051
 020040 020040 020040 020040 071541 062563 072162 071040
 071545 066165 055564 072442 063560 060562 062544 067137
 062545 062544 021144 020135 071551 043040 066141 062563
 005012 020040 020040 062544 020146 062564 072163 032537
 057545 057465 064550 064147 064137 067141 066144 071545
 062537 062566 074562 064164 067151 024147 062563 063154
 035051 020012 020040 020040 020040 021040 021042 040520
 053522 020101 064510 064147 064040 067141 066144 071545
 062440 062566 074562 064164 067151 027147 021042 005042
 020040 020040 020040 020040 062562 072563 072154 036440
 057440 072562 024156 062562 067543 066555 067145 057544
 060566 064562 067141 024164 020012 020040 020040 020040
 020040 020040 072040 067145 067141 057564 062151 052075
 047105 047101 026124 072040 061551 062553 057564 062151
 021075 045524 026524 051126 032455 026042 020012 020040
 020040 020040 020040 020040 070440 062565 074562 021075
 062522 072546 062156 066440 020171 064123 070157 063151
 020171 071157 062544 026162 044440 067040 062545 020144
 067564 071440 062560 065541 072040 020157 060555 060556
 062547 020162 061141 072557 020164 064164 071551 072440
 060556 061543 070145 060564 066142 020145 062563 073162
 061551 021145 005054 020040 020040 020040 020040 020040
 020040 072543 071162 067145 057564 060566 064562 067141
 036564 070042 071141 060567 064137 063551 021150 005054
 020040 020040 020040 020040 020040 020040 062562 072561
 071151 062145 060537 072143 067551 036556 071042 063145
 067165 021144 005054 020040 020040 020040 020040 024451
 020012 020040 020040 020040 060440 071563 071145 020164
 062562 072563 072154 021133 070165 071147 062141 057545
 062556 062145 062145 056442 064440 020163 060506 071554
 005145 020012 020040 062040 063145 072040 071545 057564
 062465 033137 071137 060545 067563 071556 070137 067562
 064566 062544 057544 067546 057562 070165 071147 062141
 024145 062563 063154 035051 020012 020040 020040 020040
 021040 021042 070125 071147 062141 020145 062562 067543
 066555 067145 060544 064564 067157 020163 067151 066143
 062165 020145 062562 071541 067157 027163 021042 005042
 020040 020040 020040 020040 062562 072563 072154 036440
 057440 072562 024156 062562 067543 066555 067145 057544
 060566 064562 067141 024164 020012 020040 020040 020040
 020040 020040 072040 067145 067141 057564 062151 052075
 047105 047101 026124 072040 061551 062553 057564 062151
 021075 045524 026524 051126 033055 026042 020012 020040
 020040 020040 020040 020040 070440 062565 074562 021075
 062522 072546 062156 063040 071157 066440 020171 071157
 062544 021162 005054 020040 020040 020040 020040 020040
 020040 072543 071162 067145 057564 060566 064562 067141
 036564 066442 067151 021151 005054 020040 020040 020040
 020040 020040 020040 062562 072561 071151 062145 060537
 072143 067551 036556 071042 063145 067165 021144 005054
 020040 020040 020040 020040 024451 020012 020040 020040
 020040 060440 071563 071145 020164 062562 072563 072154
 021133 070165 071147 062141 057545 062556 062145 062145
 056442 064440 020163 071124 062565 020012 020040 020040
 020040 060440 071563 071145 020164 062554 024156 062562
 072563 072154 021133 062562 071541 067157 021163 024535
 037040 030040 020012 020040 020040 020040 060440 071563
 071145 020164 062562 072563 072154 021133 060564 065563
 060537 071563 071545 066563 067145 021164 055535 067042
 062545 071544 071137 063145 067165 021144 020135 071551
 052040 072562 005145 020012 020040 062040 063145 072040
 071545 057564 062465 033537 063537 072145 073137 071141
 060551 072156 071537 060564 072564 024163 062563 063154
 035051 020012 020040 020040 020040 021040 021042 062547
 057564 060566 064562 067141 057564 072163 072141 071565
 071040 072145 071165 071556 060440 066154 073040 071141
 060551 072156 064440 063156 027157 021042 005042 020040
 020040 020040 020040 061144 036440 063440 072145 062137
 024142 005051 020040 020040 020040 020040 061144 071456
 072145 066137 060557 024144 042524 040516 052116 020054
 066442 067151 021151 020054 026065 031040 024460 020012
 020040 020040 020040 062040 027142 062563 057564 067554
 062141 052050 047105 047101 026124 021040 060560 073562
 057541 072163 067141 060544 062162 026042 034040 020054
 030061 005051 020012 020040 020040 020040 071440 060564
 072564 020163 020075 071137 067165 063450 072145 073137
 071141 060551 072156 071537 060564 072564 024163 042524
 040516 052116 024451 020012 020040 020040 020040 060440
 071563 071145 020164 072163 072141 071565 021133 062564
 060556 072156 064537 021144 020135 036475 052040 047105
 047101 005124 020040 020040 020040 020040 071541 062563
 072162 066040 067145 071450 060564 072564 055563 073042
 071141 060551 072156 021163 024535 037040 020075 005062
 020040 020040 020040 020040 060556 062555 020163 020075
 073133 021133 060556 062555 056442 063040 071157 073040
 064440 020156 072163 072141 071565 021133 060566 064562
 067141 071564 056442 005135 020040 020040 020040 020040
 071541 062563 072162 021040 064555 064556 020042 067151
 067040 066541 071545 020012 020040 020040 020040 060440
 071563 071145 020164 070042 071141 060567 071537 060564
 062156 071141 021144 064440 020156 060556 062555 005163
 020012 020040 062040 063145 072040 071545 057564 062465
 034137 061137 064562 063544 057545 062562 067543 066555
 067145 057544 060566 064562 067141 057564 064567 062562
 024144 062563 063154 035051 020012 020040 020040 020040
 021040 021042 060560 073562 057541 071142 062151 062547
 071056 061545 066557 062555 062156 073137 071141 060551
 072156 073440 071157 071553 062440 062156 072055 026557
 067145 027144 021042 005042 020040 020040 020040 020040
 062562 072563 072154 036440 057440 072562 024156 071142
 062151 062547 071137 061545 066557 062555 062156 073137
 071141 060551 072156 005050 020040 020040 020040 020040
 020040 020040 062564 060556 072156 064537 036544 042524
 040516 052116 020054 064564 065543 072145 064537 036544
 052042 052113 041055 051126 030455 026042 020012 020040
 020040 020040 020040 020040 070440 062565 074562 021075
 020111 062556 062145 060440 071040 063145 067165 021144
 005054 020040 020040 020040 020040 020040 020040 072543
 071162 067145 057564 060566 064562 067141 036564 066442
 067151 021151 005054 020040 020040 020040 020040 024451
 020012 020040 020040 020040 060440 071563 071145 020164
 062562 072563 072154 064440 020163 067556 020164 067516
 062556 020012 020040 020040 020040 021440 046440 067151
 020151 060543 023556 020164 060550 062156 062554 071040
 063145 067165 005144 020040 020040 020040 020040 071541
 062563 072162 071040 071545 066165 055564 072442 063560
 060562 062544 067137 062545 062544 021144 020135 071551
 052040 072562 005145 005012 020043 112742 161220 110225
 112742 161220 110225 112742 161220 110225 112742 161220
 110225 112742 161220 110225 112742 161220 110225 112742
 161220 110225 112742 161220 110225 112742 161220 110225
 112742 161220 110225 112742 161220 110225 112742 161220
 110225 112742 161220 110225 112742 161220 110225 112742
 161220 110225 112742 161220 110225 112742 161220 110225
 112742 161220 110225 112742 161220 110225 112742 161220
 110225 112742 161220 110225 112742 161220 110225 112742
 161220 110225 112742 161220 110225 112742 161220 110225
 112742 161220 110225 112742 161220 110225 112742 161220
 110225 112742 161220 110225 112742 161220 110225 112742
 161220 110225 112742 005220 020043 047111 042524 051107
 052101 047511 035116 043040 066165 020154 031105 020105
 100342 020224 067503 061155 067151 062145 053440 073141
 020145 020065 067111 062564 066154 063551 067145 062543
 021412 161040 110225 112742 161220 110225 112742 161220
 110225 112742 161220 110225 112742 161220 110225 112742
 161220 110225 112742 161220 110225 112742 161220 110225
 112742 161220 110225 112742 161220 110225 112742 161220
 110225 112742 161220 110225 112742 161220 110225 112742
 161220 110225 112742 161220 110225 112742 161220 110225
 112742 161220 110225 112742 161220 110225 112742 161220
 110225 112742 161220 110225 112742 161220 110225 112742
 161220 110225 112742 161220 110225 112742 161220 110225
 112742 161220 110225 112742 161220 110225 112742 161220
 110225 112742 161220 110225 112742 161220 110225 112742
 161220 110225 112742 161220 110225 112742 161220 110225
 005012 066143 071541 020163 062524 072163 057465 067111
 062564 071147 072141 067551 035156 020012 020040 021040
 021042 072506 066154 042440 042462 020072 067503 063156
 062151 067145 062543 025440 051440 067145 064564 062555
 072156 025440 040440 070160 067562 060566 020154 060507
 062564 020163 067567 065562 072040 063557 072145 062550
 027162 021042 005042 020012 020040 062040 063145 072040
 071545 057564 067151 062564 071147 072141 067551 057556
 067141 071147 057571 062562 072546 062156 063137 066165
 057554 066146 073557 071450 066145 024546 005072 020040
 020040 020040 020040 021042 040442 063556 074562 061440
 071565 067564 062555 020162 062562 072561 071545 064564
 063556 071040 063145 067165 035144 020012 020040 020040
 020040 030440 020056 062523 072156 066551 067145 020164
 103342 020222 072550 060555 020156 067562 072165 020145
 020053 071545 060543 060554 062564 020012 020040 020040
 020040 031040 020056 067503 063156 062151 067145 062543
 161040 111206 066040 073557 024040 064562 065563 063040
 061541 067564 071562 005051 020040 020040 020040 020040
 027063 040440 070160 067562 060566 020154 060547 062564
 161040 111206 071040 070545 064565 062562 020144 064050
 071141 020144 060547 062564 063040 071157 071040 063145
 067165 024544 020012 020040 020040 020040 032040 020056
 060526 064562 067141 020164 103342 020222 062556 062145
 020163 070165 071147 062141 020145 071146 066557 066440
 067151 005151 020040 020040 020040 020040 066101 020154
 064163 072557 062154 060440 071147 062545 020072 064164
 071551 067040 062545 071544 064040 066565 067141 060440
 072164 067145 064564 067157 005056 020040 020040 020040
 020040 021042 005042 020040 020040 020040 020040 020043
 027061 051440 067145 064564 062555 072156 020012 020040
 020040 020040 071440 067145 064564 062555 072156 036440
 057440 072562 024156 071142 062151 062547 071537 067145
 064564 062555 072156 005050 020040 020040 020040 020040
 020040 020040 062564 060556 072156 064537 036544 042524
 040516 052116 020054 064564 065543 072145 064537 036544
 052042 052113 043055 046125 026514 021061 005054 020040
 020040 020040 020040 020040 020040 072561 071145 036571
 052042 064550 020163 071551 071040 062151 061551 066165
 072557 020563 044440 073440 067141 020164 020141 072546
 066154 071040 063145 067165 020144 066551 062555 064544
 072141 066145 020571 053440 071157 072163 062440 070170
 071145 062551 061556 020145 073145 071145 021041 005054
 020040 020040 020040 020040 024451 020012 020040 020040
 020040 060440 071563 071145 020164 062563 072156 066551
 067145 055564 071042 072557 062564 056442 036440 020075
 047522 052125 057505 052510 040515 005116 020012 020040
 020040 020040 021440 031040 020056 067503 063156 062151
 067145 062543 020012 020040 020040 020040 061440 067157
 020146 020075 071137 067165 071450 067543 062562 061537
 067157 064546 062544 061556 024145 020012 020040 020040
 020040 020040 020040 072040 067145 067141 057564 062151
 052075 047105 047101 026124 072040 061551 062553 057564
 062151 021075 045524 026524 052506 046114 030455 026042
 020012 020040 020040 020040 020040 020040 072040 061551
 062553 057564 074564 062560 021075 062562 072546 062156
 071137 070545 062565 072163 026042 070440 062565 074562
 021075 020111 060567 072156 060440 063040 066165 020154
 062562 072546 062156 026042 020012 020040 020040 020040
 020040 020040 071040 070545 064565 062562 057544 061541
 064564 067157 021075 062562 072546 062156 026042 064440
 057563 064566 036560 060506 071554 026145 073040 066141
 062565 072537 062163 031075 030060 005054 020040 020040
 020040 020040 024451 020012 020040 020040 020040 060440
 071563 071145 020164 067543 063156 064440 020163 067556
 020164 067516 062556 020012 020040 020040 020040 021440
 044040 063551 020150 064562 065563 024040 064546 060556
 061556 060551 020154 020053 062562 072546 062156 060440
 072143 067551 024556 071440 067550 066165 020144 067554
 062567 020162 067543 063156 062151 067145 062543 020012
 020040 020040 020040 060440 071563 071145 020164 067543
 063156 021133 064562 065563 066137 073145 066145 056442
 037040 030040 005012 020040 020040 020040 020040 020043
 027063 040440 070160 067562 060566 020154 060547 062564
 020012 020040 020040 020040 063440 072141 020145 020075
 071137 067165 061450 062550 065543 060537 070160 067562
 060566 057554 060547 062564 005050 020040 020040 020040
 020040 020040 020040 062564 060556 072156 064537 036544
 042524 040516 052116 020054 061541 064564 067157 021075
 062562 072546 062156 026042 020012 020040 020040 020040
 020040 020040 061440 067157 064546 062544 061556 036545
 067543 063156 021133 067543 063156 062151 067145 062543
 056442 020054 060566 072554 057545 071565 036544 030062
 026060 020012 020040 020040 020040 024440 005051 020040
 020040 020040 020040 071541 062563 072162 063440 072141
 055545 071042 070545 064565 062562 021144 020135 071551
 052040 072562 005145 020012 020040 020040 020040 021440
 032040 020056 060526 064562 067141 020164 062562 067543
 066555 067145 060544 064564 067157 020012 020040 020040
 020040 073040 071141 060551 072156 036440 057440 072562
 024156 071142 062151 062547 071137 061545 066557 062555
 062156 073137 071141 060551 072156 005050 020040 020040
 020040 020040 020040 020040 062564 060556 072156 064537
 036544 042524 040516 052116 020054 064564 065543 072145
 064537 036544 052042 052113 043055 046125 026514 021061
 005054 020040 020040 020040 020040 020040 020040 072561
 071145 036571 044442 073440 067141 020164 020141 072546
 066154 071040 063145 067165 020144 067546 020162 074555
 067440 062162 071145 026042 020012 020040 020040 020040
 020040 020040 061440 071165 062562 072156 073137 071141
 060551 072156 021075 064555 064556 026042 071040 070545
 064565 062562 057544 061541 064564 067157 021075 062562
 072546 062156 026042 020012 020040 020040 020040 024440
 005051 020040 020040 020040 020040 071541 062563 072162
 073040 071141 060551 072156 021133 070165 071147 062141
 057545 062556 062145 062145 056442 064440 020163 071124
 062565 005012 020040 020040 062544 020146 062564 072163
 064537 072156 063545 060562 064564 067157 064137 070141
 074560 064537 063156 057557 072541 067564 063137 067554
 024167 062563 063154 035051 020012 020040 020040 020040
 021040 021042 060510 070160 020171 072543 072163 066557
 071145 060440 065563 067151 020147 067546 020162 067151
 067546 005072 020040 020040 020040 020040 027061 051440
 067145 064564 062555 072156 161040 111206 040440 020111
 072541 067564 020012 020040 020040 020040 031040 020056
 067503 063156 062151 067145 062543 161040 111206 064040
 063551 005150 020040 020040 020040 020040 027063 040440
 070160 067562 060566 020154 060547 062564 161040 111206
 067040 072157 071040 070545 064565 062562 005144 020040
 020040 020040 020040 027064 053040 071141 060551 072156
 161040 111206 067040 020157 070165 071147 062141 020145
 062556 062145 062145 020012 020040 020040 020040 040440
 066154 071440 067550 066165 020144 063541 062562 035145
 060440 072165 026557 060550 062156 062554 005056 020040
 020040 020040 020040 021042 005042 020040 020040 020040
 020040 020043 027061 051440 067145 064564 062555 072156
 020012 020040 020040 020040 071440 067145 064564 062555
 072156 036440 057440 072562 024156 071142 062151 062547
 071537 067145 064564 062555 072156 005050 020040 020040
 020040 020040 020040 020040 062564 060556 072156 064537
 036544 042524 040516 052116 020054 064564 065543 072145
 064537 036544 052042 052113 040455 052125 026517 021061
 005054 020040 020040 020040 020040 020040 020040 072561
 071145 036571 052042 060550 065556 020163 067546 020162
 064164 020145 071147 060545 020164 062563 073162 061551
 020545 050440 064565 065543 070440 062565 072163 067551
 035156 073440 060550 020164 071141 020145 067571 071165
 064040 072557 071562 021077 005054 020040 020040 020040
 020040 024451 020012 020040 020040 020040 060440 071563
 071145 020164 062563 072156 066551 067145 055564 071042
 072557 062564 056442 036440 020075 047522 052125 057505
 044501 040537 052125 005117 020012 020040 020040 020040
 021440 031040 020056 067503 063156 062151 067145 062543
 020012 020040 020040 020040 061440 067157 020146 020075
 071137 067165 071450 067543 062562 061537 067157 064546
 062544 061556 024145 020012 020040 020040 020040 020040
 020040 072040 067145 067141 057564 062151 052075 047105
 047101 026124 072040 061551 062553 057564 062151 021075
 045524 026524 052501 047524 030455 026042 020012 020040
 020040 020040 020040 020040 072040 061551 062553 057564
 074564 062560 021075 067151 067546 026042 070440 062565
 074562 021075 064127 072141 060440 062562 074440 072557
 020162 067550 071165 037563 026042 020012 020040 020040
 020040 024440 005051 020040 020040 020040 020040 071541
 062563 072162 061440 067157 020146 071551 067040 072157
 047040 067157 005145 020012 020040 020040 020040 021440
 031440 020056 070101 071160 073157 066141 063440 072141
 005145 020040 020040 020040 020040 060547 062564 036440
 057440 072562 024156 064143 061545 057553 070141 071160
 073157 066141 063537 072141 024145 020012 020040 020040
 020040 020040 020040 072040 067145 067141 057564 062151
 052075 047105 047101 026124 060440 072143 067551 036556
 064442 063156 057557 072561 071145 021171 005054 020040
 020040 020040 020040 020040 020040 067543 063156 062151
 067145 062543 061475 067157 055546 061442 067157 064546
 062544 061556 021145 026135 020012 020040 020040 020040
 024440 005051 020040 020040 020040 020040 071541 062563
 072162 063440 072141 055545 071042 070545 064565 062562
 021144 020135 071551 043040 066141 062563 005012 020040
 020040 020040 020040 020043 027064 053040 071141 060551
 072156 020012 020040 020040 020040 073040 071141 060551
 072156 036440 057440 072562 024156 071142 062151 062547
 071137 061545 066557 062555 062156 073137 071141 060551
 072156 005050 020040 020040 020040 020040 020040 020040
 062564 060556 072156 064537 036544 042524 040516 052116
 020054 064564 065543 072145 064537 036544 052042 052113
 040455 052125 026517 021061 005054 020040 020040 020040
 020040 020040 020040 072561 071145 036571 053442 060550
 020164 071141 020145 067571 071165 061040 071565 067151
 071545 020163 067550 071165 037563 026042 020012 020040
 020040 020040 020040 020040 061440 071165 062562 072156
 073137 071141 060551 072156 021075 064555 064556 026042
 020012 020040 020040 020040 024440 005051 020040 020040
 020040 020040 071541 062563 072162 073040 071141 060551
 072156 021133 070165 071147 062141 057545 062556 062145
 062145 056442 064440 020163 060506 071554 005145 020012
 020040 062040 063145 072040 071545 057564 067151 062564
 071147 072141 067551 057556 061144 070137 071145 064563
 072163 067145 062543 063137 066165 057554 064143 064541
 024156 062563 063154 035051 020012 020040 020040 020040
 021040 021042 066101 020154 060527 062566 032440 071040
 071545 066165 071564 060440 062562 070040 071145 064563
 072163 062145 064440 020156 041104 021056 021042 020012
 020040 020040 020040 062040 020142 020075 062547 057564
 061144 024450 005012 020040 020040 020040 020040 020043
 072522 020156 066141 020154 060527 062566 032440 066440
 062157 066165 071545 020012 020040 020040 020040 057440
 072562 024156 071142 062151 062547 071537 067145 064564
 062555 072156 052050 047105 047101 026124 021040 045524
 026524 042520 051522 051511 026524 021061 020054 043442
 062562 072141 071440 071145 064566 062543 020054 064164
 067141 071553 021041 024451 020012 020040 020040 020040
 057440 072562 024156 061563 071157 057545 067543 063156
 062151 067145 062543 052050 047105 047101 026124 021040
 045524 026524 042520 051522 051511 026524 021061 020054
 064442 063156 021157 020054 052042 060550 065556 021163
 024451 020012 020040 020040 020040 057440 072562 024156
 064143 061545 057553 070141 071160 073157 066141 063537
 072141 024145 042524 040516 052116 020054 064442 063156
 057557 072561 071145 021171 024451 005012 020040 020040
 020040 020040 020043 062526 064562 074546 042040 020102
 060550 020163 062562 067543 062162 005163 020040 020040
 020040 020040 071541 062563 072162 066040 067145 062050
 027142 071537 067145 064564 062555 072156 066137 063557
 024563 037040 020075 005061 020040 020040 020040 020040
 071541 062563 072162 066040 067145 062050 027142 061537
 067157 064546 062544 061556 057545 067554 071547 020051
 036476 030440 020012 020040 020040 020040 021440 040440
 070160 067562 060566 020154 060547 062564 020163 071565
 020145 062546 072141 071165 057545 066146 063541 005163
 020040 020040 020040 020040 071541 062563 072162 066040
 067145 062050 027142 063137 060545 072564 062562 063137
 060554 071547 020051 036476 030040 020040 020043 060555
 020171 071157 066440 074541 067040 072157 064040 073141
 020145 066146 063541 005163 020012 020040 062040 063145
 072040 071545 057564 067151 062564 071147 072141 067551
 057556 060542 061564 064550 063556 073537 072151 057550
 067543 063156 062151 067145 062543 071450 066145 024546
 005072 020040 020040 020040 020040 021042 052042 061551
 062553 071564 071440 067543 062562 020144 071541 041040
 052101 044103 071440 067550 066165 020144 062542 060440
 062144 062145 072040 020157 062563 060555 072156 061551
 061040 072141 064143 071545 021056 021042 020012 020040
 020040 020040 021440 051440 067543 062562 060440 072040
 061551 062553 020164 103342 020222 040502 041524 020110
 067562 072165 067151 005147 020040 020040 020040 020040
 067543 063156 036440 057440 072562 024156 061563 071157
 057545 067543 063156 062151 067145 062543 005050 020040
 020040 020040 020040 020040 020040 062564 060556 072156
 064537 036544 042524 040516 052116 020054 064564 065543
 072145 064537 036544 052042 052113 041055 052101 044103
 030455 026042 020012 020040 020040 020040 020040 020040
 072040 061551 062553 057564 074564 062560 021075 062141
 071144 071545 057563 064143 067141 062547 026042 070440
 062565 074562 021075 064103 067141 062547 066440 020171
 062141 071144 071545 020163 067564 030440 031462 046440
 064541 020156 072123 026042 020012 020040 020040 020040
 024440 005051 020012 020040 020040 020040 064440 020146
 067543 063156 060440 062156 061440 067157 055546 071042
 072557 064564 063556 056442 036440 020075 041501 044524
 047117 041137 052101 044103 005072 020040 020040 020040
 020040 020040 020040 020043 062101 020144 067564 061040
 072141 064143 020012 020040 020040 020040 020040 020040
 071040 071545 066165 020164 020075 071137 067165 060450
 062144 072137 061551 062553 057564 067564 061137 072141
 064143 005050 020040 020040 020040 020040 020040 020040
 020040 020040 062564 060556 072156 064537 036544 042524
 040516 052116 020054 064564 065543 072145 064537 036544
 052042 052113 041055 052101 044103 030455 026042 020012
 020040 020040 020040 020040 020040 020040 020040 070440
 062565 074562 021075 064103 067141 062547 066440 020171
 062141 071144 071545 020163 067564 030440 031462 046440
 064541 020156 072123 026042 020012 020040 020040 020040
 020040 020040 020040 020040 061440 067157 064546 062544
 061556 036545 067543 063156 021133 067543 063156 062151
 067145 062543 056442 005054 020040 020040 020040 020040
 020040 020040 020040 020040 064564 065543 072145 072137
 070171 036545 060442 062144 062562 071563 061537 060550
 063556 021145 005054 020040 020040 020040 020040 020040
 020040 024451 020012 020040 020040 020040 020040 020040
 021440 051440 067550 066165 020144 061541 072543 072555
 060554 062564 024040 067556 020164 066146 071565 020150
 062571 024564 005012 020040 020040 020040 020040 020043
 062101 020144 067141 072157 062550 020162 064563 064555
 060554 020162 064564 065543 072145 020012 020040 020040
 020040 057440 072562 024156 062141 057544 064564 065543
 072145 072137 057557 060542 061564 024150 020012 020040
 020040 020040 020040 020040 072040 067145 067141 057564
 062151 052075 047105 047101 026124 072040 061551 062553
 057564 062151 021075 045524 026524 040502 041524 026510
 021062 005054 020040 020040 020040 020040 020040 020040
 072561 071145 036571 052442 062160 072141 020145 074555
 060440 062144 062562 071563 072040 020157 032464 020066
 060517 020153 073101 021145 005054 020040 020040 020040
 020040 020040 020040 067543 063156 062151 067145 062543
 030075 034456 026062 020012 020040 020040 020040 020040
 020040 072040 061551 062553 057564 074564 062560 021075
 062141 071144 071545 057563 064143 067141 062547 026042
 020012 020040 020040 020040 024440 005051 020012 020040
 020040 020040 021440 043040 072554 064163 020012 020040
 020040 020040 061040 072141 064143 071545 036440 057440
 072562 024156 066146 071565 057550 066141 057554 060542
 061564 062550 024163 042524 040516 052116 024451 020012
 020040 020040 020040 021440 051440 067550 066165 020144
 060550 062566 060440 020164 062554 071541 020164 067157
 020145 060542 061564 005150 020040 020040 020040 020040
 071541 062563 072162 066040 067145 061050 072141 064143
 071545 020051 036476 030040 020040 020043 060515 020171
 062542 064440 020156 060563 062555 067440 020162 064544
 063146 071145 067145 020164 060542 061564 062550 020163
 062544 062560 062156 067151 020147 067157 065440 074545
 005012 064412 020146 057537 060556 062555 057537 036440
 020075 057442 066537 064541 057556 021137 005072 020040
 020040 074560 062564 072163 066456 064541 024156 057533
 063137 066151 057545 026137 021040 073055 056442 000051